anonID,success_real,success_pred
DOJP3606,1,1
PAWE4911,0,0
OJLM8589,0,1
VXRD9758,1,1
WLIV7826,1,1
VRQI1880,0,1
AIEU4555,0,0
ZHOR1977,0,0
UVIG9000,0,1
YBQK3520,1,1
GXAX9161,1,1
WFAV7693,1,1
MZXT9190,1,1
QMGF7921,1,1
CDYA6691,1,1
RMRO6598,0,1
TWCP9462,1,1
SFAX2602,1,1
CGFG6670,1,1
FLYD7167,1,1
GUSG7232,1,1
JUEX8349,1,1
TQAO4077,1,1
SQLU1962,1,1
KQAQ7578,1,1
GJAD4275,1,1
NCMF7432,1,1
RJLA1298,1,1
WDUO8913,1,1
MZSQ3702,1,1
JYMN1797,1,1
JQGJ2056,1,1
KNTE1673,1,1
FLDW9214,1,1
UJKT5701,1,1
OBSO9354,1,1
UBMM8763,1,1
BISE4384,1,1
MEVU5568,1,1
WXXA3278,1,1
XUOI8356,1,1
LGTS7437,1,1
AFYX1756,1,1
SHXS2715,1,1
SKXY3333,1,1
JUPL1962,1,1
DLQZ1164,1,1
XSXJ5084,1,1
OYKH5201,1,1
TAUR7111,1,1
LZYJ3940,1,1
YSOT4707,1,1
RWPI1895,1,1
SCAM6641,1,1
OQLY4598,1,1
QIHH6786,1,1
THDA2423,1,1
FQMV6113,1,1
MIIT5434,1,1
DYNE3856,1,1
ICOA5370,1,1
UCVI4128,1,1
HUZV2515,1,1
NMVX8402,1,1
KDLI5224,1,1
ULHF2910,1,1
UJGZ6292,1,1
ZZKA4446,1,1
YACX8553,1,1
SIZU4880,1,1
PAWM8590,1,1
IESC8108,1,1
ZXQU5514,1,1
QYFT2886,1,1
MSZA5314,1,1
OBBW4029,1,1
UUMP2262,1,1
VMSN4153,1,1
JCWR4228,1,1
VBND8763,1,1
OIIB2341,1,1
OEUI7494,1,1
YDJC9411,1,1
UKPL8735,1,1
SOJX8680,1,1
QUST8814,1,1
BCOX6722,0,0
JFYB6526,1,1
PASF2531,1,1
EXGP8112,1,1
CEUL4512,1,1
VNRH6739,1,1
HSAY2924,1,1
RQQM7239,1,1
YCRM4992,1,1
PIUB3952,0,1
QLGA3916,1,1
KUDE5566,1,1
YFVU7051,0,1
MJSM2294,1,1
ICTH2038,0,1
SPLB6453,1,1
YKVU6764,1,1
LCAO8916,1,1
NIAH9698,1,1
VZYD2828,1,1
VTCW1913,1,1
UECG7007,1,1
TXBR4462,1,1
JMMI4427,1,1
CAXM4730,1,1
GCDY3212,0,1
QUBJ9016,1,1
ZPNV4280,0,1
KLJX7311,1,1
CVGO5809,1,1
KJKZ5114,1,1
GGCI7631,1,1
KNHP2862,1,1
CPTB6107,1,1
CMFF3379,1,1
SNVK7300,1,1
CGDB8658,1,1
WLPV8017,1,1
HYLC2649,1,1
CYDZ5330,1,1
YDFP3519,1,1
WDVM4344,1,1
MNOV8317,1,1
HVGQ7464,1,1
QMUE5704,1,1
XGHY3868,1,1
GGKG1738,1,1
LDSJ9299,0,1
HYYZ8232,1,1
XYBL6667,1,1
KPRI4582,1,1
KZRF9163,1,1
UYNG7599,1,1
YLBV4554,1,1
MWMP3288,1,1
BYHP6357,1,1
GUXG8568,1,1
FBLR8922,1,1
DRDR3673,1,1
FABP3386,1,1
WUQI6702,1,1
ZMXG4559,1,1
SVAG5894,1,1
QLRN5481,1,1
FJEG4319,1,1
VNYY6247,1,1
CCUL8306,1,1
JKLD4990,1,1
KMSA6307,1,1
RNIY3423,1,1
IGVZ3166,1,1
WPMF6361,1,1
WMBQ2275,1,1
TESC5676,1,1
VRLK3114,0,1
UXUU1911,1,1
PPUX9611,1,1
FSDY8743,1,1
SWQX6246,1,1
NPLZ9191,1,1
IDUA2808,1,1
RHSD1298,1,1
RMHO5394,1,1
BBNP1217,1,1
BSWQ8709,1,1
VBKQ3030,1,1
ZXCL9945,1,1
AJTI4890,1,1
HPHQ6892,1,1
NFFY6446,1,1
IDQZ3621,1,1
BFKZ9533,1,1
MLAG1599,1,1
BXGU2826,1,1
HQBQ4022,1,1
FXPZ8575,1,1
XEJH3026,1,1
SMYY2281,1,1
REEI3898,1,1
YYXV9808,1,1
JFNT2736,1,1
DSIE1753,1,1
KOKI5781,1,1
LLNP2352,1,1
WGRQ5017,1,1
MJSG1622,1,1
VPFX3435,1,1
DJZQ9523,1,1
URSK1120,0,0
ZLJR2610,1,1
ZKTB7919,0,1
CVIG4804,1,1
XMRT9169,1,1
CMAC7103,1,1
QKOK4675,1,1
PRCL5992,1,1
VYYE9063,1,1
XERS1852,1,1
WXQZ3340,1,1
IFDW6644,1,1
OHOJ2209,1,1
VPDP4209,1,1
IJUW1110,0,0
JPZU3332,1,1
GBGM9362,1,1
MBSL6276,1,1
YZYP4442,1,1
LCKI6057,1,1
TGAH4912,1,1
SUWH7324,1,1
MZKH4057,1,1
GOSW7206,1,1
BUVX6686,1,1
BZUM5540,1,1
UJRG3308,1,1
BDPJ4183,1,1
ILLF4673,1,1
BPZY7312,1,1
VYSA6600,1,1
IPMT2853,0,0
KZKB2448,1,1
ZIWN3161,1,1
VWCY6934,1,1
YJSJ6433,1,1
MIVG8408,1,1
XUDF7029,1,1
YEZL2060,1,1
PCZU9331,1,1
SZPQ2995,1,1
OIBJ7360,1,1
JHLG2346,1,1
XFDW9657,1,1
MOLH5847,1,1
WAMH2491,1,1
BRIQ3528,1,1
SHUL6081,1,1
YXNA2784,1,1
CVWY4749,1,1
XROB5143,1,1
TIBC2473,1,1
RWQA2134,1,1
WDCR4143,1,1
SQQJ8087,1,1
CDVX9259,1,1
STXG2464,1,1
MUWR9350,1,1
NXWG5529,1,1
FZHA2899,1,1
ADVD4923,1,1
EWYU2509,1,1
MXUT2549,1,1
SFAU6011,1,1
LNIR2596,1,1
WEFZ9031,1,1
IQLI5868,1,0
VLDG6966,1,1
TWCN2345,1,1
HFSF9568,1,1
NKMI4710,1,1
YIKT5873,1,1
EXQQ4917,1,1
WSOT8438,1,1
EQRC1721,1,1
CKFI1653,1,1
BECZ4229,1,1
CFDQ2105,1,1
YMFX1089,1,1
ZYAG4495,1,1
XGDC6012,1,1
MPOA5584,1,1
TQIB7056,1,1
HLAY5755,0,1
RWGA3181,1,1
YWCE3609,1,1
LRYP6658,1,1
LULK5169,1,1
TTZW6109,1,1
TEOE8158,0,1
XLOW1711,1,1
JOTO6934,1,1
ZXGG6657,1,1
REMU1625,1,1
VUDO5000,1,1
MXFZ6442,1,1
NRLX9711,1,1
BNAZ1580,1,1
UQZL2983,1,1
AFUD5063,1,1
FRZP8995,1,1
ALCA8423,1,1
RFJQ6796,1,1
FLJY4554,1,1
KHLD7528,1,1
XDQI6568,0,1
YRUR3155,1,1
GIWW4510,1,1
BOES5702,1,1
NUWE1840,1,1
YSYB3308,1,1
VFJY8932,1,1
SJNZ3013,1,1
SHNN4722,1,1
EOJR2655,1,1
JYRE5659,1,1
WLDE2711,1,1
BXFT1958,1,1
AYSR1730,1,1
DVVF3682,1,1
XTKS4576,1,1
CNPP1877,1,1
YEVX8748,1,1
TNWJ4890,1,1
FMXW2001,1,1
ZNBM1390,1,1
ZHWL4776,1,1
KUOH4661,1,1
QOWW2085,0,1
GQEB2650,1,1
OZCU2948,1,1
CYXY1655,1,1
RKLA6541,1,1
ITOH1663,1,1
NTRV2300,1,1
GUSI7337,1,1
DUCE2075,1,1
NZLN5954,1,1
UNXM9784,1,0
XMLR5789,1,1
DRPS6468,1,1
UWUQ8941,1,1
GRFM5891,1,1
IRTJ6914,1,0
OQUC9643,1,1
PQCJ8965,1,1
YIFR9532,1,1
QIEA6828,1,1
PKPN9829,1,1
VDTK5022,1,1
JDFU1680,1,1
TJYR7573,1,1
FPPI1751,1,1
FIBS1286,1,1
AJOG4925,1,1
FMNV2869,1,1
HQDM3541,1,1
IJYX7534,1,1
BJHY9501,1,1
HQVO8400,1,1
MTVA4012,0,0
TTGP2346,1,1
MBRO2200,1,1
ZUQE1351,1,1
MJLZ3472,1,1
OPNC9228,1,1
TFXH3306,1,1
HILI9574,1,1
IJEQ4333,0,1
XSSO7720,1,1
ZLRA9165,1,1
DMMM1237,1,1
GUDW2484,1,1
WJVE6748,1,1
GQBT2860,1,1
NUAP2325,1,1
NBTT1045,1,1
SFJL2575,1,1
HWHJ1588,1,1
LNPY4830,1,1
HTBH3327,1,1
CGJM9619,1,1
ANMP3483,1,1
MFNE7507,1,1
ZXZL7352,1,1
LRYN7735,1,1
QYPK9461,1,1
OOSA5899,1,1
NQLW5241,1,1
ZMPB7953,1,1
MTKF6834,1,1
IZMP2606,1,0
FYFE2012,1,1
KYQB3980,1,1
UIFX4177,1,1
HJCL2600,0,0
PCGA8228,1,1
ZJPQ8823,1,1
CLPL1506,1,1
JQNK1526,1,1
VKLG4865,1,1
TKYM9159,1,1
LFUJ7189,1,1
ZUVR5749,1,1
VTMS8628,1,1
ISXY2338,1,1
JUAJ1281,1,1
TAZL5656,1,1
JWYE8959,1,1
DLLY2694,1,1
FAVM3838,1,1
WIRP6547,1,1
YALV9952,1,1
XPPF2644,1,1
HRXK2952,1,1
ZHPF9677,1,1
CLDW6557,1,1
OXUE5477,1,1
LCIK1362,1,1
ANCZ5579,0,1
BHUB6753,1,1
RUJF2144,1,1
FJVW2877,1,1
SAHY9729,1,1
UKOS4881,1,1
TXHS6954,1,1
CXWB3898,1,1
GRVB7139,1,1
LCDV1366,1,1
TUEL6472,1,1
CLNB1195,1,1
WAJO7422,1,1
MIZT1966,1,1
EGFK5713,1,1
LPID7703,1,1
KWVV7330,1,1
WUHK7459,1,1
ZXGJ9518,1,1
ILXW9701,1,1
LYQS5730,1,1
EQSH7260,1,1
MZBC7605,1,1
YOTL9951,1,1
EGQC8948,1,1
NKVP3838,1,1
AAXS4501,1,1
SLFO9453,1,1
BZYR8857,1,1
EPWO9171,1,1
PJMP2562,1,1
SPVD5041,1,1
QZFD7329,1,1
ZFUP9856,1,1
XLOQ9433,1,0
XZLI5395,1,1
JSPC2900,1,1
UCLO3465,0,0
YONI7544,1,1
LTIN7742,1,1
CSUE1506,1,1
FDDC2340,1,1
UWHR5969,1,1
GIBD5254,1,1
HRGC1131,1,1
WLLV9344,1,1
FRZZ5958,1,1
QMPF8546,1,1
JPYK7201,1,1
TUSU3445,1,1
RVUE9544,1,1
FURZ7951,1,1
WUTX6915,1,1
XSIF7099,1,1
YKBZ3644,1,1
IESJ6785,1,1
UKPF6372,1,1
XWXH9585,1,1
ENPP9404,1,1
ZSMS5689,1,1
JVBH4605,1,1
FWHQ7052,1,1
FHZA3714,1,1
UQWT8930,1,1
LSTM3131,1,1
HPUG5305,1,1
ZXTD5399,0,1
NFIX8328,1,1
XFRJ5444,1,1
DWCQ4635,1,1
MXWW7618,1,1
FQXM9685,1,1
VAIR4841,1,1
GGCZ1612,1,1
MSQZ3299,1,1
QTVU6136,1,1
CBMH6338,1,1
DKNH1653,1,1
VDHV2420,1,1
PGEH9385,1,1
DNNU9729,1,1
XZAH2030,1,1
UPBA6435,1,1
CVRC9646,1,1
SSZI8488,1,1
WBAO6558,1,1
KOTW8466,1,1
HQNQ8087,1,1
AKNP5685,1,1
NKFX6253,1,1
NBYM2644,1,1
PPQZ4997,1,1
MGMN9240,1,1
EPXG4107,1,1
MAAH6985,1,1
UOOQ2787,1,1
WFXJ4783,1,1
UPOZ3236,1,1
LLFT4565,1,1
CZWR8056,1,1
OYNU7440,1,1
WOOX3093,1,1
XWRM4226,1,1
HSJT8579,1,1
CWIQ4825,1,1
ZXTY7180,1,1
RDNG8623,1,1
ZGCN8856,1,1
CBRW3978,0,1
COEA4942,1,1
HPFQ8374,0,0
VXCJ1108,1,1
DBFX3583,1,1
ZCJU9396,1,1
OJPY9103,1,1
TUXY4942,1,1
GZYS7788,1,1
PZDM2915,1,1
OPWI1583,1,1
VNHL3527,1,1
CWYY3124,1,1
SWTN4898,1,1
KVNR9400,1,1
QUMI7756,1,1
NCIM7233,1,1
CRUF8394,1,1
YNBL9472,1,1
ICPI3735,1,1
VCPV7490,1,1
RETO2284,1,1
GPIP2810,1,1
BUGR7292,1,1
XAYW5533,1,1
PJOR5934,1,1
LOAA5904,1,1
PPCZ6663,1,1
YPVY5395,1,1
AJBI3092,1,1
WLEX8656,1,1
WMKJ7359,1,1
REVX8276,1,1
IHHG8995,1,1
MIVZ6273,1,1
ELTO2804,1,1
IKXN4934,1,1
RUZM4226,1,1
FZBZ1275,0,0
YDDY9591,1,1
QTHY4460,1,1
RKKL6721,1,1
TAHQ4373,1,1
GZID4637,1,1
LVQX7982,1,1
GWDF9709,1,1
NBBM8228,1,1
VLVD2171,1,1
NYEQ5140,1,1
QVPP3638,1,1
HAGU4326,1,1
NGIC4215,1,1
BBBK3416,1,1
FZUL1216,1,1
FBWW5437,0,0
PLNO5324,1,1
UURS3770,1,1
XXTL3259,1,1
YKDW3520,1,1
SHSN4846,1,1
IEQN7320,1,1
NWTG6970,1,1
ESDS6880,1,1
NNFQ9479,1,1
VYDU8885,1,1
NMSS9647,0,1
MBCA9293,1,1
TWRJ6269,1,1
EAGN6130,1,1
YTKT2986,1,1
HCVJ3550,1,1
LXHW5123,1,1
VNJT9650,1,1
LRIL3297,1,1
DNDL7070,1,1
LLMU1017,1,1
FFXJ3842,0,1
GVOW9182,1,1
DQXA1285,1,1
BKUW8762,1,1
PFFR1686,1,1
ZAQD4494,1,1
QVPI8132,1,1
JTAE7438,1,1
AVPX2554,1,1
XEZS7347,1,1
LXPH4125,1,1
ROBJ5663,1,1
VFNJ6213,1,1
KGBP4216,1,1
VZSD2354,1,1
FYET3458,1,1
NBYV6934,1,0
AQCJ5489,1,1
UDFQ8256,1,1
TRLP2017,1,1
VZMT7241,1,1
SKYR8572,1,1
BDVL5776,1,1
NUHQ4179,1,1
WVSF9110,1,1
ZKRI3483,1,1
LWWE5159,1,1
NIJP5956,1,1
IAUV7855,1,1
DPAL7184,1,1
OPJO1012,1,1
PMRO6120,1,1
AGPG6148,1,1
PSLU2201,0,1
GWMK1755,1,1
MUFG9612,1,1
CTAT3836,1,1
CKTK5148,1,1
MBDE8941,1,1
UOTO2445,1,1
MTFP8009,1,1
VZFK6566,1,1
PDAT5721,1,1
TBPC7646,1,1
QFGD2730,1,1
TKTL6724,1,1
BSWL7674,1,1
ABBH7041,1,1
WXDX7777,1,1
PEFM6908,1,1
PFPX6819,1,1
MXQS3397,1,1
EZZV8967,1,1
NGQJ1005,1,1
TDKP8671,1,1
BGNV6429,1,1
VBMU5997,1,1
OVFX3856,1,1
XOSM3723,1,1
GBPH3327,1,1
XEIR4757,1,1
UFOS3976,1,1
IHQU1524,1,1
OFPH2828,1,1
SSUX6287,1,1
OZFE6787,1,1
IQIV5641,1,1
CPJX9459,1,1
LAQD9861,1,1
VARQ2236,1,1
SRKX5646,1,1
WRYA4293,1,1
DAOA4636,1,1
NINW7513,1,1
FTYT7245,1,1
CKTR6988,1,1
VSMT7321,1,1
LSOG8192,1,1
ODFZ7553,1,1
BJSU8202,1,1
ZJJD5088,1,1
IYZQ2158,1,1
ILYA9052,1,1
KNCH5573,1,1
SVPK8847,1,1
KMHY1930,1,1
PYCF8034,1,1
VMUY5067,1,1
RKCB4085,1,1
TEUI5103,1,1
MSUA5454,1,1
QSSP1583,1,1
MCOW6380,1,1
AHYM9468,1,1
DZUO8355,1,1
MJZG9928,0,1
SQGG1850,1,1
WNDE5681,1,1
FXKN9599,1,1
BHNM2196,1,1
NCHH6014,1,1
RUBU7183,1,0
AIJG4189,1,1
OXYL3396,1,1
JEKL5481,1,1
PPLZ5722,1,1
YLPW6792,1,1
DIAO5211,1,1
SIOB3490,1,1
PXRY1413,1,1
MHKK2354,0,1
KKWU2934,1,1
BPVK8322,1,1
WETK7948,1,1
QMPD2712,1,1
ATFN2138,1,1
SHJG3152,1,1
LBGM1489,1,1
CGWX7535,1,1
XVHE1633,1,1
ZIOA3292,1,1
AFSB7905,1,1
RQTL3126,1,1
CWMO5730,1,1
ZIBA7387,1,1
BGNV6418,1,1
YLUG1656,1,1
HLRC4194,0,1
TBZF6844,1,1
OWJL6441,1,1
LRNF5756,1,1
UONC2487,1,1
ZNCD1913,1,1
MVFZ3320,1,1
ZAPD2803,1,1
FKLR8964,1,1
UYNG7377,1,1
AGOX2684,1,1
QCSI3207,1,1
TTQP4491,1,1
NRBZ1154,1,1
RWZJ1205,1,1
FOAI6447,1,1
PBYQ3387,0,1
KLTK6777,1,1
JHWH8869,1,1
IAJX4053,1,1
OIEP2084,1,1
IKDI3437,0,1
BMXW8077,1,1
TKMN9645,1,1
KYVB2375,0,0
XTFD4781,1,1
DDRW5999,1,1
DYZX7750,1,1
EWMJ3391,1,1
OORN3022,1,1
AMJG4655,1,1
DENZ2678,1,1
WQWK6868,1,1
RSFQ2472,0,1
ZKKZ5744,1,1
COAL6323,1,1
JXYO7621,1,1
BFQP4274,1,1
EGKV4701,1,1
DVJR4825,1,1
MEOQ5865,1,1
RACV6283,1,1
AXTF1712,1,1
HTPE3148,1,1
PHOC1098,1,1
ZXTY8154,1,1
BPOC2044,1,1
PTXC6019,1,1
YTTH6568,1,1
HUFD5928,1,1
JFEO8683,1,1
FCNM5917,1,1
GHXK3808,0,1
JKVJ6778,1,1
OMXZ6284,1,1
ZWIA1580,1,1
ROTK2381,1,1
YLKM1114,1,1
PVUV6535,1,1
OOSR2139,1,1
AWRT1090,1,1
WHAA2027,1,1
LXDS2971,1,1
FBIX3149,1,1
GAEE5843,1,1
SEYR1534,1,1
BXEF1021,1,1
ZTBW4434,1,1
WDSA5930,1,1
EFIJ7211,1,1
XLLU1825,1,1
PVHU1939,1,1
NZMS1750,1,1
RTPV9644,1,1
JOTN5097,1,1
RSCT1891,1,1
LFXM9995,1,1
IDSG5941,1,1
UOOY3279,1,1
SAQW4710,1,1
CFHB5168,1,1
EYDI1759,1,1
SNYI1080,1,1
BBAZ3701,1,1
TTDZ4669,0,1
YDRE7635,1,1
JAWN5563,1,1
BJFW8256,1,1
TRSL5071,1,1
ZGFZ8657,1,1
OLNX8973,1,1
FEKX5222,1,1
YNDN8432,1,1
AFGK1525,1,1
RZYR9740,0,1
ZNWY2299,1,1
QDCR6089,1,1
YHRT3721,1,1
SGQX5053,1,1
XELB4180,1,1
SFWA6408,1,1
QYFY4101,1,1
RPDH6473,1,1
MAVN3798,1,1
CMOA2135,1,1
RJHV3986,1,1
BENY9139,1,1
DPBT2693,1,1
SVAL6549,1,1
QRWZ5364,1,1
SNAJ6537,0,1
LWXY9909,1,1
PDMR6534,1,1
KWGV2183,1,1
MCZB6219,1,1
OHSA4051,1,1
RCHU4043,0,1
SCNB7211,1,1
OAHC7435,0,1
CUCO9234,1,1
DQLF5992,1,1
GTXP4072,1,1
OYRE7346,1,1
JHJS1489,1,1
ORUG5214,1,1
VECT8305,1,1
IIAU2205,1,1
NFWH7328,1,1
SYJB5859,1,1
HADD7972,1,1
ACLY7321,1,1
JCCG2172,1,1
ICAC7420,1,1
XQTZ2176,1,1
PJUS5895,1,1
PWRZ5922,1,1
HQGL1049,1,1
EYLV2273,1,1
MWRY4526,0,1
FSZX1199,1,1
OJCJ2102,1,1
KZCG8792,1,1
FUVA1529,1,1
HPFR5343,1,1
UWYQ8476,1,1
XBRW3432,1,1
VTZV8220,1,1
QOPF9676,1,1
BKMS8628,1,1
OPUU9094,1,1
GTDO8591,1,1
HCYK4469,1,1
OSMF8034,1,1
ZJTP2749,1,1
XNSR2388,1,1
SVGV8806,1,1
VQCR5474,1,1
IKTN6782,1,1
GNRV1549,1,1
XNAL3615,1,1
MMPQ8291,1,1
ZBXM6967,1,1
NIYK1757,1,1
NWVU9628,1,1
INKT1029,1,1
JJZF3607,1,1
EHBK4985,1,1
KEMN3603,1,1
SQOT5091,1,1
JSLK3483,1,1
GWMX6663,1,1
GQUT7002,1,1
FYTM6459,1,1
YFEU7094,1,1
GPCE7801,1,1
CYEP3036,1,1
UTIF7158,1,1
NXOE3272,1,1
HYWU8598,1,1
ESRY6890,1,1
NAPK6379,1,1
TUXT7026,1,1
JACJ2637,1,1
TMMY9084,1,1
XHCU9144,1,1
LOFU5407,1,1
RAUX6455,1,1
JJUQ5780,1,1
AXUU6050,1,1
NXEG2721,1,1
VDSO3781,1,1
OPUV6124,1,1
UPBC1205,1,1
MWED5897,1,1
XETW5014,1,1
MUEC3800,1,1
XDSD1223,1,1
YWNV2763,1,1
CUVT1608,1,1
FWNB9154,1,1
VSZR7633,1,1
ZJJD6998,1,1
TPRR2344,1,1
RJWP4454,1,1
RNUS7421,1,1
SJRX5355,1,1
YQEQ4433,1,1
BBPN8439,1,1
UDEY7493,1,1
HPAD8148,1,1
LDEE8053,1,1
BWSC3916,1,1
MOIR3906,1,1
SQEC2453,1,1
OXGO9803,1,1
JYMV1980,1,1
TGUJ1541,1,1
FXOR8694,1,0
TBEE9449,1,1
FHFF9609,0,1
OYCE6166,1,1
FXFW2583,1,1
EIBM8568,1,1
UKEO5187,0,1
HWHI2391,1,1
MBQA9116,1,1
ZHBQ1568,1,1
OXWE5656,1,1
VEAZ3456,1,1
FJGL1907,1,1
ZXQB8972,1,1
JIWM8892,1,1
XGCL8126,1,1
PNVD5554,1,1
DZND5451,1,1
NYTZ6752,1,1
PRYV4299,1,1
ZTYI6061,1,1
TTVL1495,1,1
GKDT7745,1,1
WNBL6490,1,1
IKAI4936,1,1
YVUY2833,1,1
VCSQ7223,1,1
EUJG2527,1,1
JALC7383,1,1
IBFK3793,1,1
TJEQ7513,1,1
CZDZ7203,1,1
SLFQ5598,1,1
KKGR1784,1,1
ZLMS7485,1,1
QDAO4860,1,1
DGSF5353,1,1
PGHM7264,1,1
YBUY6864,1,1
OTGQ6372,1,1
PFCU7984,1,1
AYDB8758,1,1
BFPM5230,1,1
ZQJR1973,1,1
DGEP4976,1,1
OWYJ8267,0,1
CYBQ6512,1,1
QKSI6526,1,1
WCJL6402,1,1
OXFW4812,1,1
RWFW4866,1,1
EQRO2752,1,1
LRCI4621,1,1
SKZQ4159,1,1
VTKW7891,1,1
ZIKB7681,1,1
NOXM1039,1,1
HMEX3897,0,1
PKFF6334,1,1
KUXV4722,1,1
DHIY5024,1,1
VPYN7569,1,1
LAXF3726,1,1
UBSB6794,1,1
BTII5153,1,1
AVVV3083,1,1
CUOQ8228,1,1
MZUG2389,1,1
DGDO2162,1,1
VRCD5710,0,1
NSZI6180,0,1
CAVQ3791,1,1
KJBA3635,1,1
TBDC6650,0,0
HYAY5613,1,1
XXRM3525,1,1
MAOA8112,1,1
HNUB1366,1,1
JWIG8632,1,1
HYUZ4208,1,1
EVRE1903,0,1
XYGR7123,1,0
VNMR1482,1,1
FAVW3321,1,1
ZZPJ7435,1,1
MVNH4779,1,1
NNES2807,1,1
LJRL2110,1,1
RGAD3072,1,1
LBWS5327,1,1
KTQK4521,1,1
UPXJ4339,0,1
WRND1607,1,0
JGOO4943,1,1
BIDJ4684,1,1
OBXP9950,0,1
PGXT8101,1,1
YTCL7250,1,1
ROFA5163,0,1
NUPE9596,1,1
EBXD2160,1,1
JWJV6092,1,1
USEO6815,1,1
PWEX4109,1,1
WSAS5849,1,1
LJPF1068,0,1
ZTCJ6434,1,1
RABR5056,1,1
BJDU3201,1,1
DEGB7265,1,1
IFUN8345,1,1
ITKU3569,1,1
HXBD6798,1,1
EHAN9642,1,1
CEHG9337,1,1
HDDP6903,1,1
WFSD2922,1,1
XELL8052,1,1
VFWR8897,1,1
KUCY6013,1,1
IKRT6656,0,1
BBRR4618,1,1
CIPC6991,1,1
WYZH5956,1,0
FRQM9867,1,1
TRRU9088,1,1
OQRH4331,0,1
WMIT7451,1,1
UCLQ7847,1,1
UAXQ8991,1,1
YWIB7978,1,1
YWBZ5532,1,1
ORTZ1517,1,1
HREE6437,1,1
UWVK4093,1,1
FKNR1423,1,1
AJBH7040,1,1
YJZS4293,1,1
NNLB3527,1,1
SQYV3535,1,1
JAGT8458,1,1
OJMT7135,1,1
VFOO3660,1,1
VWXT7599,1,1
YHTJ9620,1,1
CPVR8284,1,1
QGWT1474,1,1
CRFR3507,1,1
RCNC6183,1,1
XOGK2179,1,1
IVSA1271,1,1
VLKD6613,1,1
OWMP8776,1,1
DLNB2139,1,1
LUDH1366,1,1
HGCU3312,1,1
HASW2736,1,1
VQVM9932,1,1
YYSU9250,0,0
PVIF6045,1,1
MRAA9558,1,1
YMOF1362,1,1
JHSL9702,1,1
ZNYR2289,1,1
UELP1144,1,1
YFDR7677,1,1
LTDY7524,1,1
SRSM2025,1,1
VCIF6462,1,1
VLAZ3110,1,1
CODE8774,1,1
APQM6187,1,1
OXXE3279,1,1
SVZI6370,1,0
JSUH2763,1,1
QUWK8671,1,1
TNCH9682,1,1
KYGV4415,1,1
WITN2315,0,1
WTSK5306,1,1
LCUH3235,1,1
OZKY4964,1,1
DKYC7729,1,1
HZJB7563,1,1
SFLQ3050,1,1
EBMP5106,1,1
BRAE7442,1,1
GFSM8577,1,1
GQGC2124,1,1
GGZN8219,1,1
VRUU8010,1,1
NVJE5592,1,1
GZSF8810,1,1
MRJW6763,1,1
YJRU4119,1,1
SYXB4319,1,1
UQDT7342,1,1
ANFU1749,1,1
YKPN2297,1,1
RBLZ4675,1,1
CQLN5574,1,1
ONLC4275,0,0
GKMI5491,0,1
UHMH3687,1,1
BQFI2166,1,1
SDEN2802,1,1
TSWQ4982,1,1
IUFJ4215,1,1
LHDD9607,1,1
XBAB3097,1,1
SEDD7443,1,1
QDDU6873,1,1
LSHG7783,1,1
HKLN1497,1,1
QHLL1773,1,1
WXEX8409,1,1
MNFY8096,1,1
LOLI1762,1,1
DBEM9370,0,1
SFRW4649,1,1
BEKF3403,1,1
ADNV9295,1,1
AIDA7264,1,1
BHSG6352,1,1
CHUJ9809,1,1
IHMP1421,1,1
OMCP6831,1,1
AFCG2066,1,1
URPD1919,1,1
RMCM4982,1,1
GWFH2494,1,0
HOJO6210,1,1
LOGZ2592,0,1
CUPJ2900,1,1
RORE9314,1,1
UZZO4981,1,1
MZRE3568,1,1
VHMC2764,1,1
VCEX7533,1,1
WCLQ4325,1,1
QCOL3911,1,1
NQBV3658,1,1
PAAQ7346,1,1
JTWY2530,1,1
IXWB6360,1,1
VDVE5035,1,1
XBUI2041,1,1
QSWE5641,1,1
MZKS2886,1,1
NTXO3237,1,1
EATY4913,1,1
BRXU3186,1,1
AYDU7294,1,1
HLUZ6998,1,0
OTVA5143,1,1
OHRM3299,1,1
ZCKW4383,1,1
FFHF5207,1,1
VBMB2578,1,1
DIUC6632,1,1
EGXL7469,1,1
LHAP4512,1,1
KRVF3799,0,1
SGIO9712,1,1
DAOI7064,1,1
SVLZ6727,1,1
FIDN5856,1,1
KXYY9134,1,1
KGMV4454,1,1
ZWRI3733,1,1
GYJS9248,1,1
MHRX2396,1,1
ZCPD3969,1,1
TZIL8921,1,1
WUOH4080,1,1
TFQF4467,1,1
DAKW2560,1,1
NYTV5768,1,1
DBSJ6538,1,1
OGEZ4153,1,1
MIRQ2661,1,1
OCXK2284,1,1
KCLG9106,1,1
ALED4345,1,1
NUIH2379,1,1
CZDR5154,1,1
KBJX8837,1,1
QKOO5360,1,1
JMSO9306,0,0
VAHD9882,1,1
GHXK6127,1,1
CSLT7943,1,1
MSES7791,1,1
YLOB4758,1,1
EDTG5442,1,1
DVJJ7024,1,1
EGWF3341,1,1
UITT6240,1,1
ADTZ1859,1,1
LEHU3510,1,1
HJBV7299,1,1
HULK6047,1,1
SOSK8371,1,1
AFRS1286,1,1
USVP6911,1,1
XLII4611,1,1
JIAA3166,1,1
HHYK4309,1,1
NEAA5250,1,1
ZDUD8373,1,1
IXXP1832,1,1
QYZZ9400,1,1
SYAM2999,1,1
FZGS8476,1,1
XJBM3792,1,1
OEMM2659,1,1
CILV9278,1,1
SOCF1678,1,1
DYSM6584,1,1
KHDC5183,1,1
DMIV8668,1,1
IKAI8818,1,1
LYUD3260,1,1
DOQA5867,1,1
DNZS7111,1,1
JBFY4296,1,1
ZPSV1652,1,1
VRRW5848,1,1
MJXQ3839,1,1
XHBG9370,1,1
BUXB1550,1,1
ZMEA9737,1,1
WFUS3228,1,1
TGDX8978,1,1
YEKS7667,1,1
PTGT4072,1,1
HSXJ6069,1,1
PCVL8035,1,1
BUTA7227,1,1
ZLGN3220,1,1
NCTX8904,0,0
QOZG1086,1,1
ZJPH2184,1,1
IZSK5557,1,1
XKPC2477,1,1
ZDGJ4789,1,1
PHEY4047,1,1
HQYY2377,1,1
BHME8342,1,1
GVLP8395,1,1
RGRE8222,1,1
UNCH7999,1,1
NAVK4387,1,1
LZEE7911,1,1
RYDJ9911,0,1
UZKC5708,1,0
GTEF3230,1,1
KXTP6334,1,1
PZHG8373,1,1
UIOL2536,1,1
QJIJ6137,1,1
DCGK4769,1,1
LYIE9667,1,1
WQDW2939,1,1
VXPF5751,1,1
JTYR3281,1,1
YTFG5349,1,1
VGAZ2502,1,1
ULNZ8200,1,1
XMBL1235,1,1
FOYR4273,1,1
LMEI9688,1,1
UMSP3992,1,1
WJOA1834,1,1
QGDD5512,1,1
OICW3197,0,1
AOSL7344,1,1
EWDG1495,1,1
OONB3310,1,1
GZVJ3088,1,1
YYDU1483,1,1
ZTSU7509,1,1
VGXK6473,1,1
VBCR1054,1,1
BHKJ2205,1,0
ENID3732,1,1
GMXJ9816,1,1
ERRI7445,1,1
GCVV6967,1,1
MLGP7381,1,1
IZMD4490,1,1
LHDA9826,1,1
IUXK1368,1,1
HDJZ4627,1,1
CRXB5367,1,1
NDCD8625,1,1
GJGQ7708,1,1
TWYU7854,1,1
LBZD8188,1,1
NLPA7054,1,1
JCFU5941,1,1
OERK8370,1,1
BNKX8596,1,1
RFJR6350,1,1
SJYU3106,1,1
NAPZ9996,1,1
ETRT4643,1,1
JHFP5007,1,1
OSHZ9626,1,1
HXFY6973,1,1
HMLX6957,1,1
VCKB1869,0,1
WTMT3922,1,1
LKBJ7264,1,1
QLAP6511,1,1
AZGP6342,1,1
JMAJ6960,1,1
JVLT4381,1,1
TUCA3469,1,1
LMOE1102,1,1
HJIQ9575,1,1
EWQA7467,1,1
MULL8846,1,1
NPHC7623,1,1
LKND3076,1,1
LJKQ3625,1,1
QQEC9993,1,1
KAYF8332,1,1
ELYM1368,1,1
UPED9724,1,1
THNE5791,1,1
TIKY1358,1,1
HEMF5112,1,1
PFDO2402,1,1
HBSW7230,1,1
NEUN5217,1,1
PGMU4456,1,1
AMDN8438,1,1
YRKI6937,1,1
YXYK4870,1,1
YNYB8781,1,1
NLOF1351,1,1
IFYR2170,1,1
UUQE1240,1,1
QCAK1701,1,1
XHDJ7938,0,1
BQRI5867,1,1
VWOR4900,1,1
FVEA7634,1,1
FSAP3512,1,1
YXLU6432,1,1
UDNT1076,1,1
EWQH3700,1,1
KVEX3384,1,1
QHGJ8883,1,1
NOWR3638,1,1
GVUS1408,1,1
LONP4591,0,1
TPLX6419,1,1
FDVG6199,1,1
AXGT9465,1,1
HGIC6297,1,1
ZLHP4426,1,1
ZUJV2679,1,1
GZFG2207,1,1
WHAZ5003,1,1
CSFV9929,1,1
FZFX7546,1,1
NNXZ8572,1,1
HYJD2301,0,1
GOBD4318,1,1
JBVE8587,1,1
GOBV7462,1,1
IZPF1992,1,1
QPYV5554,1,1
FUOE2479,1,1
WMLH9276,1,1
VXTR9616,1,1
RJDQ5514,1,1
HQJM5484,1,1
OXQR6564,1,1
ERES8793,1,1
NHFH3927,1,1
PJSW4648,1,1
IOKW5729,1,1
BEOS5283,1,1
HGMG3957,1,1
PBTE8925,1,1
QUZK5107,1,1
ATXW6824,1,1
WQZT8748,1,1
BGTX5968,1,1
IBIU2249,1,1
UKGX5261,1,1
JTUF3602,1,1
ADZH2095,1,1
PZSR5930,1,1
OTNG2628,1,1
JJDM9357,1,1
OEPF8571,1,1
XJVQ2193,1,1
SCYX6948,1,1
JMHF7244,1,1
WDKZ3099,1,1
XWSZ2320,1,1
IFWX2606,1,1
LGOA1658,1,1
YTYL6513,1,1
XIEU9104,1,1
JZUZ8789,1,1
UNUW9577,1,1
XUQB6782,1,1
BCYO9953,1,1
ZNRK6442,1,1
HXOF4885,1,1
HQYH7659,1,1
FAXS2289,1,1
SGFZ2450,1,1
OWIO2327,1,1
YCNL5632,1,1
SVQA6134,1,1
BYKV3024,0,1
IXON4491,1,1
RKCA5016,1,1
GSNK7609,1,1
STWR1417,1,1
IIUX9703,1,1
EVGM4235,1,1
QPHD8181,0,0
ENZP6734,1,1
NEAM2015,1,1
GICP4114,1,1
LTPK1175,1,1
WSGX9821,1,1
OCDK3507,1,1
RLQU9937,1,1
YCHO6881,1,1
LZVT2494,1,1
ILAV1879,1,1
ILJO7012,1,1
YVPE9211,1,1
IJRR3808,1,1
MLCG6800,1,1
POPW6142,1,1
OHMR7533,0,0
TFLW9149,1,1
JJGB3179,1,1
BXBG7600,1,1
XQHM6483,1,1
KAGY3547,1,1
ABGD5204,1,1
KRGO9060,1,1
MKBH8998,1,1
FVBX8177,1,1
BWWF3286,1,1
NSJC5958,1,1
DVBO3483,1,1
TRKU7571,0,1
PHPM5987,1,1
MUKI4797,1,1
KDCZ5860,1,1
XZNT2016,1,1
BAJO8820,1,1
RRKZ6154,1,0
OLWA2063,1,1
MQFM2975,1,1
JMOF5562,1,1
DPSR5781,1,1
APNA2063,1,1
AOPS5707,1,1
VUWD2174,1,1
TYJE6217,1,1
NHDT2474,1,1
YZGS8475,1,1
KVSI7435,1,1
AERD5589,1,1
HTGL4248,0,1
XEMN8370,1,1
REXE2942,1,1
HXFJ9596,1,1
WMDD6796,1,1
LGUL2002,1,1
URUO4649,1,1
OHGA8097,1,1
QAZW7997,1,1
JQSQ4286,1,1
XJQE4054,1,1
KWBN3463,1,1
FYOM1340,1,1
KGTQ7267,1,1
XIQR3730,1,1
EFKR4231,1,1
QISA3005,1,1
XBMK4896,1,1
YJPQ1693,1,1
ESRX5273,1,1
DBVT2940,1,1
YBHV1915,1,1
SYDQ9955,1,1
ELEK6246,1,1
STOR2854,1,1
XCHF1771,1,1
ZJJB7997,1,1
FINE6814,1,1
PXBO3332,1,1
NYTC6663,1,1
LOSA4342,1,1
SQGO2468,1,1
WRKM1378,1,1
QEGR1534,1,1
GEXV4504,1,1
ZIVR8882,1,1
DJMO5653,1,1
MSJV4008,1,1
SZWJ5726,1,1
MIDH3832,1,1
XJZG9949,1,1
WMHJ3611,1,1
ZREW7518,1,1
XYOE2808,1,1
RKQI8215,0,1
VDRO3459,1,1
WAYK1481,1,1
JEIZ3442,1,1
CHAC3191,1,1
EFKP3504,1,1
TIYX2393,1,1
OQVE3668,1,1
RUIJ4382,1,1
CNQS4235,1,1
NCRS3958,1,1
CJOZ7945,1,1
DTLD1924,1,1
ATBD3221,1,1
XCJI2666,1,1
FETU2166,1,1
KIIG1309,1,1
CFJD9991,1,1
MRFO8274,1,1
RPKY9273,1,1
AAQZ1872,1,1
QWGQ5794,1,1
HNTH3218,1,1
XISN1426,1,1
CRNF2200,1,1
WXQY6525,1,1
JPIZ5839,1,1
KJHT1994,1,1
ZNYD3352,1,1
ZXXK3102,1,1
NREO1293,1,1
MRFE7214,1,1
PULZ8118,1,1
GDPV3175,1,1
IXYL6286,1,1
XHDI4998,1,1
PTBU8837,1,1
GZLT4545,1,1
VTPY7294,1,1
XNCY5690,1,1
KLYQ3062,1,0
YCAG3674,1,1
LPMW3449,1,1
HMMX5894,1,1
REON2360,1,1
HEHI6595,1,1
SKKF4517,1,1
TEYI6935,1,1
KMSY6400,1,1
GDGW8190,1,1
WWSE2237,1,1
GRAS2667,1,1
HWQB3299,1,1
YTKT4418,1,1
QWBB2982,1,1
NRRT5847,1,1
MJUY6141,1,1
YTZO7163,1,1
SVTH9007,1,1
EFYB4802,1,1
XGHI1567,1,1
UIYX6414,1,1
ILGE4048,1,1
AQAN5343,1,1
QEDH6876,1,1
EDIC4861,1,1
FQOD8299,1,1
LTPZ5333,1,1
KJDH3555,1,1
ZXBU4149,1,1
ZMWO1388,1,1
QELA2729,1,1
UZHR7909,1,1
WUPP1925,1,1
ETUW8711,1,1
FJGX7650,1,1
ORHO3167,1,1
PBXH3045,1,1
ROCW5325,1,1
ZBAL1453,1,1
KBQB3303,1,1
SEID8011,1,1
IGNU2354,1,1
ANKY4809,1,1
ARPV8851,1,1
RAOJ6423,1,1
TDPO2210,1,1
JBUT6171,1,1
QUPB8611,1,1
SZSY7172,1,1
OPBI8421,1,1
SZIV6852,1,1
WQAJ9011,1,1
BTSV2683,1,1
UQLW5681,1,1
GKEE5873,1,1
HROE2173,1,1
UKZO1254,1,1
PPND3405,1,1
VPAN8187,1,1
YFJO5644,1,1
APJL3020,1,1
NHUD5214,1,1
PFWR5067,1,1
TZVU9862,0,1
RMGA8922,1,1
WCSB4100,1,1
ISJP6455,1,1
GPXD1391,1,1
DOBZ5445,1,1
OAZJ3727,1,1
FSLO7824,1,1
OYIA1826,1,1
MRYA1134,1,1
IQLR1844,1,1
IMGU4425,0,1
NATI4139,1,1
EAEL4320,1,1
EMZC3375,1,1
UALF6847,1,1
KEOJ5366,1,1
EPYY2745,1,1
DCCK1250,1,1
YCVZ9805,1,1
KCDS8762,1,1
HNXH1020,1,1
QQPT5871,1,1
HMEY9940,1,1
BXBV3303,1,1
RQPS5389,1,1
KAWA7444,1,1
MIHX2212,1,1
MGOY8684,1,1
VOKL6498,1,1
OLPO1569,1,1
MOTY3289,1,1
SDDB5852,1,1
SVUF7534,1,1
WAIF9202,1,1
KNUL2029,1,1
PLOG2098,1,1
AXNO8812,1,1
OCOP4355,1,1
FHTG1647,1,1
ALYR4569,1,1
KADQ5058,1,1
WUGD1199,1,1
XOUD9105,1,1
EYOS4688,1,1
QILF5748,1,1
QCGE7491,1,1
HSMQ3522,1,1
OSMO2480,1,1
JMDA1606,1,1
EIIP8164,1,1
XMNE7711,1,1
CKMX2476,1,1
NWLW7255,1,1
GMHU8134,1,1
XVMD2075,0,1
YLHZ4500,1,1
VWZZ3021,1,1
ILAP2234,1,1
AIXL6512,1,1
NFLQ5536,1,1
AMUH2493,1,1
VMAU8543,1,1
WRBW5482,1,1
EKZE9761,1,1
PQXS5213,1,1
EZBX4568,1,1
OKWG3763,1,1
ZXCI7687,1,1
CKPL1554,1,1
MWTI2263,1,1
KMKZ2725,1,1
JTCR4843,1,1
NJHV6504,1,1
GCFI7685,1,1
EUTX6737,1,1
OWMD5299,1,1
TCUN2625,1,1
XGJI5388,1,1
YSZA7893,1,1
VCLW7359,1,1
HBMR9751,1,1
DQYM6252,1,1
JFKP5540,1,1
RDEH4412,1,1
PXMF8897,1,1
QIEU9601,1,1
GZDI8177,1,1
OBFV8857,1,1
VETI3084,1,1
FYNS6664,1,1
GRFG1020,1,1
NOLN3104,1,1
KVMG5068,1,1
RWFM7862,1,1
SOLJ6669,1,1
GLWA4932,1,1
QKRT2963,1,1
MQSP8416,1,1
VKLB7666,1,1
JUBZ6601,1,1
RKTV8022,1,1
NEGT9351,1,1
JHIN5241,1,1
INZD6796,1,1
CVBZ9209,1,1
SVOE9309,1,1
EHUL8063,1,1
VBEW4309,1,1
QDVN7539,1,1
QKEO1625,1,1
SIHH4472,1,1
RTCP1968,0,0
IKAQ7312,1,0
WLHV4934,1,1
FTOA1324,1,1
GGMP3220,1,1
XJUV6879,1,1
TAST8515,1,1
MZSE5743,1,1
OQVY7080,1,1
JNBI7801,1,1
OCOX7365,1,1
WHCD7181,1,1
SJYZ6954,1,1
ZXKD6310,1,1
IKEA4371,1,1
LKEO4185,1,1
XDLM4305,1,1
NYQN4640,1,1
GUPC2666,1,1
KZCJ9211,1,1
EDVN6438,1,1
EEHX8524,1,1
YOMY8311,1,1
BOFV8314,1,1
NBYZ8503,1,1
LGRR9995,1,1
DPUU9565,1,1
HCWC4117,1,1
KEYO6939,1,1
FKVG9663,1,1
EHPC9241,1,1
TVAY3325,1,1
HUER2846,1,1
BNXP8714,1,1
AAPX1157,1,1
TAWD3530,1,1
MCKN2312,1,1
FVDO3249,1,1
DYLH9869,1,1
JNDL5186,1,1
EACB2398,0,1
GXFQ3999,1,1
MBQS3861,1,1
OPLE8351,1,1
OSSG5932,1,1
KOKP7758,1,1
CEIB3625,1,1
YEHB5326,1,1
NCQL2735,1,1
MBLT9285,1,1
INWI8460,1,1
SMVU7932,1,1
YXZX3566,1,1
QIJE2408,1,1
FHRA6407,1,0
GWSP7802,1,1
EYRE2113,1,1
MSUY2456,1,1
UPPW2014,1,1
OGKM2944,1,1
RCAO6226,1,1
QVOY9736,1,1
LHZR7386,1,1
EIKP1581,1,1
LKPP6898,1,1
GXAG3587,1,1
CEKQ5273,1,1
WIHJ9341,1,1
EFIJ7442,1,1
NBBF8428,1,1
VCRO1837,1,1
YXAB4444,1,1
MJQH2990,1,1
VPCU8609,1,1
CSUJ3874,1,1
EOLP5213,1,1
EYKZ2876,0,0
OKSA2485,1,1
TCQR5114,1,1
RXFL6833,1,1
OUUA3630,1,1
RANZ1648,1,1
ZTAN3651,1,1
ZCWM2313,1,1
NJLX3290,1,1
YGCP9021,1,1
QJIZ4731,1,1
IGQJ9659,1,1
YYOP5660,1,1
OFFW3672,1,1
CFUC4800,1,1
CRWU8858,1,1
NFJU1936,1,1
KOGX3063,1,1
UGFW2373,1,1
MQMB1090,1,1
GYVD4211,1,1
WQFA8039,1,1
FROZ2524,1,1
DDOQ7589,1,1
UEIQ8533,1,1
UOAH7833,1,1
LYLE5872,1,1
JDPB3423,1,1
UVFG7006,1,1
KDNC7023,0,0
IHZE5408,1,1
GTKI7582,1,1
UVQN8868,1,1
CMXR9663,1,1
YVNI1604,1,1
UATN1401,1,1
PMOY3911,1,1
CFET3733,1,1
SSPT7660,1,1
HSQN2527,1,1
VBPI7586,1,1
SVXO6890,1,1
KOQN5139,1,1
YASL5671,1,1
AONQ9703,1,1
UMCA1717,1,1
NUWH7061,1,1
CNNZ5538,1,1
FBQQ8737,1,1
BDJB1327,1,1
PVGI3769,1,1
FZAT9688,1,1
IJUL5216,1,1
ZDCX8756,1,1
ITMT2333,1,1
DGJB4952,1,1
AOLX5306,1,1
OHPI4051,1,1
RKJU4038,1,1
UTVZ1168,1,1
KMYN9559,1,1
KBWA4704,1,1
AUZF5191,1,1
GADC3436,1,1
AGAH3011,1,1
LLCO5498,1,1
WBMV7638,1,1
DPUD5817,1,0
PWKR6439,1,1
UFEJ5261,1,1
JMCN1991,1,1
QGLO1385,1,1
XXDB7045,1,1
UOZR6953,1,1
XJTQ8599,1,1
SABG4991,1,1
YNOK1052,1,1
MVCU7199,1,1
NRPR2058,1,1
HQFZ4440,1,1
IQTX8548,1,1
MBJC6107,1,1
LKVJ2099,1,1
DIVY5774,1,1
NFQL4922,1,1
IEWD2878,1,1
GCOD3624,1,1
AJXY6241,1,1
TWBF7969,1,1
WVLI1133,1,1
GMLD9927,1,1
DUIZ9032,1,1
QTDZ7593,1,1
VJGP3891,1,1
HSTF9636,1,1
DDMS9114,1,1
XINC3637,1,1
CMVB2637,1,1
DEEX5665,1,1
HBJE1851,1,1
OKZW6227,1,1
MQVR3875,1,1
RQII1178,1,1
KHAG5271,1,1
AXVV3009,1,1
TVIB2550,1,1
MBNV1595,1,1
VWMQ6314,1,1
FYUQ5577,1,1
SOCY8328,1,1
XCMU9253,1,1
BPOC1105,1,1
DZOG9182,1,1
ZLVL9676,1,1
YNTU5798,1,1
JHLM6407,1,1
XVDG5691,1,1
XBMN7394,1,1
AOZJ7536,1,1
DDSA7511,1,1
MXRH2139,1,1
SWZU2762,1,1
YRKZ9998,1,1
TDKL1317,1,1
ETGE4337,1,1
WICM8117,1,1
AHFE2074,1,1
YAOB6931,1,1
XBNG1956,1,1
FHYB7828,1,1
OUOL6593,0,1
ZSYA8127,1,1
WUEL9558,1,1
COZA8015,1,1
TIIK2950,1,1
SFBS7370,1,1
HATU3366,1,1
VWTW2233,1,1
DPCJ7653,1,1
BBGS2723,1,0
TPEO1213,1,1
JACA3578,1,1
XAXM6317,1,1
GFQG7762,1,1
FLTV1526,1,1
SXAS8674,1,1
UUTY6631,1,1
OQZI9403,1,1
EIBD4789,1,1
QBCG3120,1,1
CHUZ2405,1,1
LURK4810,1,1
KLHS5973,1,1
CFPC7696,1,1
SLLF9619,1,1
MAFN7271,1,1
AVLI7729,1,1
NXAC1948,1,1
AHMP2477,1,1
VDIN7698,1,1
MVDO5316,1,1
VHKB4108,1,1
MOJH7747,1,1
STEP8641,1,1
NUPK9416,1,1
BNBZ1661,1,1
WWUU5956,1,1
CWNE2626,1,1
TANH4312,1,1
ZYAT2304,1,1
EZNO5474,1,1
LDQS8381,1,1
XCGG4248,1,1
MOWO4574,1,1
HDJB1921,1,1
TAKJ7767,1,1
HLJV5871,1,1
OEAI3721,1,1
YWLP4704,1,1
YVNX6813,1,1
DNJR7225,1,1
GULJ5368,1,1
INJH2980,1,1
KRYK1886,1,1
JIGP7226,1,1
CPEZ6643,1,1
EPVG9272,1,1
HUBI8639,1,1
IJZP2423,1,1
AVRR7106,1,1
WSQZ7120,1,1
RNMM1806,1,1
MAMS2559,1,0
QPZH1449,1,1
DSWT6719,1,1
ILSL8227,1,1
EXCW7350,1,1
KKLX9918,1,1
ODVP3928,1,1
NECN8088,1,1
ISUZ4265,1,1
FLHT7785,1,1
GRXJ1551,1,1
EHUQ8324,1,1
ZNJI3787,1,1
KCJA2518,1,1
INIF7236,1,1
GTKZ8681,1,1
EOJI8857,1,1
RMWO6344,1,1
BYGE2722,1,1
YFNG1119,1,1
IHSD2724,1,1
IZPT1118,1,1
OCQA1119,1,1
JDLS3767,1,1
NEEI9163,1,1
PVJC5148,1,1
ILNH1465,1,1
GOZQ8525,1,1
JIRB2664,1,1
AHRD3967,1,1
UBTR9281,1,1
FBXY6225,1,1
MSMM6577,1,1
FYWU7590,1,1
ITRZ6769,1,1
OBQG9973,1,1
IJKI3458,1,1
TCWC5336,0,1
VLCW4803,1,1
UYJX3258,1,1
EVKI9694,1,1
TXOE2903,1,1
DUES7843,1,1
YETO5706,1,1
REHG7342,1,1
BGLF6222,1,1
XNOO9746,1,1
GZTH4511,1,1
NMUU4036,1,1
KLZL3023,1,1
TJDF7310,1,1
FSOH3481,1,1
ECKO4587,0,0
TMNX4220,1,1
GRCM5521,0,1
RPGW6703,1,1
DAGZ9573,1,1
RYSW7731,1,1
OIMV3212,1,1
UASP6087,1,1
WKEK9515,1,1
DUKV4858,1,1
XIKN3764,1,1
KJZN4927,1,1
VGCJ4424,1,1
FYFF8671,1,1
SRKT8864,1,1
NCLS3922,1,1
CHUJ8122,1,1
ZESH1331,1,1
KLKQ7666,0,1
IYVA4556,1,1
TIND1197,1,1
ZDKD8778,1,1
WZKR4605,1,1
YQCO2924,1,1
WCFO8764,1,1
HTNE6982,1,1
CRMH1454,1,1
XYBL8324,0,1
BSHF6470,1,1
GYIZ9174,1,1
WEMM2968,1,1
SZMR5793,1,1
NINL3771,1,1
KJXC4865,1,1
DJJU4008,1,1
BJVK8863,1,1
DJWK4777,1,1
FRSC7141,1,1
TROC7430,1,1
HZEV2104,1,1
YGIJ4921,1,1
IZJT2723,1,1
YTXV1231,1,1
SQIN3888,1,1
JEFT8724,1,1
ZFSK3399,1,1
CFWA6777,1,1
NQKQ6118,1,1
HNCL9078,1,1
OOAA2974,1,1
COBU7082,1,1
OELA1174,1,1
UVTU8464,1,1
HLAJ8286,1,1
SLIN8240,1,1
BMKI6279,1,1
FJDI8944,1,1
RXNR2558,1,1
HCHD7783,1,1
YZCJ8994,1,1
IVOL3390,1,1
LFBA4815,1,1
DFOD6663,1,1
HOSF4410,1,1
JFFT6231,1,1
YDZZ1019,1,1
JNPL9705,1,1
RRHB9381,1,1
BZEB3872,1,1
SEGK2392,0,1
AZJO2641,1,1
HBNG5617,1,1
DCFY8879,1,1
KBKE5764,1,1
IIIZ6610,1,1
DPCX2943,1,1
CQJU1505,1,1
HART7780,1,1
UQCR8303,1,1
LALP7195,1,1
ABCR9074,1,1
TJOP7462,1,1
FIWJ6290,1,1
KRHL1162,1,1
JXKB2082,1,1
ZEMU1733,1,1
MYMU7099,1,1
KRKD1861,1,1
HDPB7452,1,1
ZSBD3471,1,1
SLZJ3961,0,1
NWTS2482,1,1
XLTK5432,1,1
XQVG2810,1,1
KSMC9225,1,1
ZAEP4450,1,1
IDQB3911,1,1
JUGB9231,1,1
BRJA4646,1,1
ECPJ6816,1,1
EEQE8310,1,1
CEBH2167,1,1
SHTY3810,1,1
QTQJ1948,1,1
XUMK5472,0,0
QUXS5288,1,1
TRZP1818,1,1
GTAY2843,1,1
LBFY1677,1,1
GLAL4345,1,1
LTAU4357,1,1
ZUOA1734,1,1
SNNN6479,1,1
WUST9443,1,1
VHZT7724,1,1
BTCF1491,1,1
VWKX2100,1,1
PWRG5513,1,1
CNQB8709,1,1
FFWM3935,1,1
IIYS7870,1,0
JRIM1833,0,1
ZIKS5976,1,1
LZWD1138,1,1
GXZF3481,1,1
QWYE8193,1,1
YGII1804,1,1
HQFU4382,1,1
ZWSB5838,1,1
NLCD2517,1,1
XUQX7770,1,1
KTVJ3444,1,1
LVTU3180,1,1
BXGW1984,1,1
FGSE6334,1,1
HKWC2328,1,1
PJHJ6528,1,1
PINM6776,1,1
YXXD7647,1,1
RZLB1145,0,0
YNQW9999,1,1
LFTO8371,1,1
JPZA8405,1,1
KTXV5435,1,1
ZHDM2644,1,1
RNOD5758,1,1
IODF7546,1,1
SQUC9529,1,1
RVMU1676,1,1
BTHI7143,1,1
CWGU6105,1,1
UFDP7490,1,1
SISI4412,1,1
XZDO7282,1,1
TODN3259,1,1
WYUT2100,1,1
INVW6590,1,1
YCXO9375,1,1
REGE7052,1,1
MZUH6188,1,1
RHHC5738,0,1
UDZO6056,1,1
CCDR6782,1,1
SKKV9905,1,1
QRDJ2402,1,1
GUAQ3758,1,1
FTEI7688,1,1
VTES3186,1,1
LVWB3909,1,1
KARC7166,1,1
AHUK1199,1,1
CZEY1750,1,1
HNUO9380,1,1
AUDA7448,1,1
CCSV4896,1,1
WTBX5271,1,1
BPDZ9941,1,1
VYFA9232,1,1
XPXZ5459,1,1
AOKK7372,1,1
FPMJ7142,1,1
LAIZ7068,1,1
JFVY8513,1,1
HGNO6910,1,1
OKIQ7403,1,1
IROQ9711,1,1
QTHX1230,1,1
KUZC8894,1,1
BCQD7314,1,1
SUYQ4925,1,1
BXUH7528,1,1
DMSJ8436,1,1
HGZB1984,1,1
NVLK6916,1,1
IYJI2974,1,1
QLMJ3867,1,1
VPBD8811,1,1
LEOX7642,1,1
JCWZ8379,1,1
AMTX1173,1,1
AFOT3324,1,1
PFEW6423,1,1
MLQW8983,1,1
IDSI5543,1,1
UOSN5077,1,1
JEXC3085,1,1
CZCC6991,1,1
QBAE1151,1,1
OQBM2338,1,1
TQSN7579,0,1
VIDP6532,1,1
JOEH9601,1,1
KPSK6808,1,1
KNAI7512,1,1
XDZU1651,1,1
QWMM5541,1,1
MTHZ6628,1,1
ERMB5027,1,1
AWLF9813,1,1
DILC2563,1,1
GUWR9410,1,1
XDCH7254,1,1
KVXY8795,1,1
RBKV3329,1,1
ISUA7546,1,1
ZWOQ4634,1,1
DXMR8190,1,1
BLYZ3588,1,1
IOQA5553,1,1
KXAC8351,1,1
TMKC9503,1,1
ZPXQ1298,0,1
ABLD4653,1,1
WVGG5433,1,1
TSOF6044,1,1
KPEW8160,1,1
BNYF4747,1,1
WVEW1141,1,1
XGQG2413,1,1
OKEA8039,1,1
GKBM6055,1,1
RQUE9043,1,1
AOQO3995,1,1
ZCGU5467,1,1
XOPE8737,1,1
XBIK9307,1,1
SIIP9680,1,1
YEDZ9002,1,1
VNIW3426,1,1
FOQN9246,1,1
ZQRQ4206,1,1
NCGO5676,1,1
NIBJ9220,1,1
ULYB2930,1,1
ZQJB2257,1,1
VWFZ2699,1,1
TSUI6733,1,1
HCES5895,1,1
WDEA8767,1,1
KVIR6629,1,1
NAEY2556,1,1
HSCK6846,1,1
OHIY4878,1,1
AUVW7358,1,1
KOFT5922,1,1
GBLK9406,1,1
UDSN3561,1,1
QHLB5230,1,1
GZMS5482,1,1
RRPS5809,1,1
LWZI2974,1,1
JHQO6156,1,1
WOGX2646,1,1
FPJA5317,1,0
ZOPJ4150,1,1
FSXQ5671,1,1
AOCW3439,1,1
QUDB9396,1,1
SNAZ6382,1,1
KOFG8932,1,1
BHEO1337,1,1
YNGQ1454,1,1
QZGS2726,1,1
HJQW1074,1,1
CVMQ8273,1,1
UVWV1207,1,1
BCHS8278,1,1
LQRN9585,1,1
ZALG6090,1,1
OXYS5753,1,1
RSUW8965,1,1
OKNK1419,1,1
SGCM8458,0,1
XLGX4109,1,1
IMJD6224,1,1
VUAV8050,1,1
UQEO2402,1,1
SKYC9477,1,1
PBMP9267,1,1
GKMF3907,1,1
BYDO8676,1,1
QPJK7572,1,1
JHCN4253,1,1
NSVB2325,1,1
TOFF1820,1,1
ACOM8637,1,1
BNRT8027,1,1
MNIS1157,1,1
ILXG9718,1,1
BIQF4405,1,1
SOTE2677,1,1
UQJL4454,1,1
WZUW9733,1,1
CENV3982,1,1
OUTD7137,1,1
WJTE7692,1,1
VJOS1072,1,1
URUB4736,1,1
LDTX1927,1,1
VDTE8117,0,1
KYGA4031,1,1
WVNS2567,0,1
KNAF5540,1,1
BRZL8839,1,1
PGOG1529,1,1
WYGI1474,1,1
WVYY2785,1,1
UPYA6164,1,1
KMSC4839,1,1
TULZ4348,1,1
OXSA8109,1,1
DHBE7689,0,1
BXTD3618,1,1
CJWP8220,1,1
QFKI6458,1,1
ITPX2780,1,1
TYTC6881,1,1
SMSQ1385,1,1
FLWF6365,1,1
DRNM6687,1,1
BAHB1587,1,1
PQOE9800,1,1
KZFD6454,0,0
BMTI7281,1,1
UOTD2160,1,1
RAWW8333,1,1
TRNH1822,1,1
TVAY1861,1,1
YHHF3683,1,1
TELY7583,0,0
BQZU2642,1,1
CZZK2566,1,1
WRYZ6473,1,1
KOHW6641,1,1
NQQO9514,1,1
LYBM8249,1,1
VEKC6387,1,1
ARAG1413,0,1
WGBU6558,1,1
DFLU7267,1,1
WLAK4592,1,1
LKMR1432,1,1
XHGL7968,1,1
SNMA2502,1,1
ZFHX4434,1,1
RKHA7176,1,1
AWTP9410,1,1
MVFF1755,1,1
KJQR8837,1,1
ZUYH6198,1,1
RRXH5834,1,1
TPND9412,1,1
OLBE3756,1,1
BXGK7182,1,1
XYSR9336,1,1
QWBM7951,1,1
SFFO7054,1,1
OXPS1864,1,1
LHFG4520,1,1
HZBN9498,1,1
ZEMB4951,1,1
LZUC7237,1,1
SNUS8538,1,1
ZRER6480,0,1
YSON4849,1,1
ONAD4865,1,1
LKAM7939,1,1
TSKA3594,1,1
NJKJ3695,1,1
CLKB6509,1,1
LOEC1291,1,1
ZTIY8416,1,1
ZKVG9554,1,1
DSWN3123,1,1
KABW4178,1,1
OOLB2314,1,1
IYMV1546,1,1
KVRH1049,1,1
HJEH4783,1,1
VKQS3079,0,1
ETDX6719,1,1
EJZX1915,1,1
IAOR3417,1,1
RWTO2526,0,1
LBLG6393,1,1
LADP3538,1,1
VHUZ2673,1,1
VWTG9446,1,1
CVBJ7808,1,1
KLOO5882,1,1
VGUA6388,1,1
CLHV5478,1,1
XRHH4261,1,1
ZZIC8732,1,1
IDHV3582,1,1
DSJB1029,1,1
WROC6916,1,1
XKOG7539,1,1
CUSV3481,1,1
FASP5080,1,1
VLXL8465,1,1
TBNE4478,1,1
JGOY8160,1,1
SOJS1626,1,1
CZTF9345,1,1
FCLM8950,1,1
LTPU2978,1,1
MCFB6686,1,1
CROE6346,1,1
LDGN2339,1,1
HSHB3909,1,1
THXH9849,1,1
DIRJ3293,1,1
RQBS8738,1,1
HUVR9099,1,1
BCPP9194,1,1
UZCD9397,1,1
HZUD5771,1,1
VZXX7919,1,1
BHQO5648,1,1
QSOR9504,1,1
WIHQ2309,1,1
LEFA1721,1,1
VVPA3880,1,1
MMND3085,1,1
QOHB3988,1,1
GRDV1302,1,1
YSLH7148,1,1
EWWQ8468,1,1
FHOV6084,1,1
LZOI1944,1,1
WSWZ4207,1,1
KQPA8990,1,1
ABMJ3209,1,1
BRAO9885,1,1
FHHH9681,1,1
ZSNH8773,1,1
IUJU6633,1,1
FRPP5191,1,1
OCPD9976,1,1
OUWH2546,1,1
BBOI6059,1,1
VSRG5785,1,1
EIUN6874,0,1
AIYF1194,1,1
PMAD3245,1,1
IDSA5217,1,1
PDIA2790,1,1
VFPW6754,1,1
UYUM2577,1,1
HMIX9560,1,1
UUUX7597,1,1
VKFQ9856,1,1
DQQL5651,1,1
TPPD3209,1,1
XCVU8745,1,1
JMWJ6549,1,1
AUSQ7903,1,1
YSLZ8121,1,1
GMVB5308,1,1
BFZH6519,1,1
NUJT7159,1,1
TSAP6082,1,1
VREI5680,1,1
SYHG7210,1,1
YCRI2045,1,1
FTTT8919,1,1
UEQP6202,1,1
PDRG1496,1,1
LCIO7444,0,0
ZQWJ2279,1,1
YENA6588,1,1
XNIE2332,1,1
GHFA3342,1,1
KNXS5011,1,1
FDHF4577,1,1
RWQN6154,1,1
ECDX8829,1,1
TFKN3450,1,1
BFNS3499,1,1
QXVO5512,1,1
ANMN2775,1,1
FXFV4602,1,1
QNSR5155,1,1
RNGO5923,1,1
PVHY2494,1,1
FRMC6399,1,1
VITS1694,1,1
VLSQ3516,0,1
JZBQ9232,1,1
UQNE3681,1,1
OBCZ6272,1,1
FFFV7034,1,1
FXFF7871,1,1
SATJ9331,1,1
UFZG5116,1,1
VQRW5195,1,1
LTXF2456,1,1
SIIX6972,1,1
FNIX5061,1,1
URKH3436,1,1
FDHY1696,1,1
JAIC2676,1,1
PVQB5284,1,1
HXEJ5595,1,1
WOXB3604,1,1
QBTJ2974,1,1
OZRO9931,1,1
VBOO8100,1,1
SQSY3261,1,1
UYDJ7624,1,1
EXVM3589,1,1
MYHU1095,1,1
UZII7422,1,1
EGST2469,1,1
URXG5240,1,1
MZUK9336,1,1
PIHF1371,1,1
KGGD3644,1,1
HGGY3430,1,1
UOOX5410,1,1
TTVE4464,1,1
SFYJ1702,1,1
PQHY7866,1,1
YHSM7472,1,1
WQDS5572,1,1
ZQPP5680,1,1
AUOH6087,1,1
LMUO4047,1,1
XINO3335,1,1
DBYV7958,1,1
ADPU2910,1,1
PJQZ6231,1,1
QJHP5910,1,1
NZHA5089,1,1
NEMP9462,1,1
KOOF5079,1,1
UBXR8725,1,1
JJXP8016,1,1
RPBN4723,1,1
YXWL9708,1,1
YFEO6456,1,1
BTBF7789,1,1
SGQY2818,1,1
PQVA5268,1,1
YBLM5619,1,1
LDGD7469,1,1
PLAU1926,1,1
HOBF9452,0,1
TTXL1912,1,1
CQZD6837,1,1
ZVIS7886,1,1
KLAN8089,1,1
WMCO4440,1,1
BXIB5731,1,1
NVLE1285,1,1
GFBI4532,1,1
DYXV6936,1,1
PFOR1189,1,1
DYBG7297,1,1
GYER2353,1,1
EGAR7622,1,1
DISM5421,1,1
KGCN7915,1,1
OKTX9373,1,1
YMWZ4757,1,1
WFZH2841,1,1
FXRS3338,1,1
VYAM5938,1,1
DSMQ5211,1,1
PQFE5889,1,1
RMDL9347,1,1
YCMB4769,1,1
XXBT2679,1,1
OPLS8616,1,1
DCOR4606,1,1
FLPF3747,1,1
ZOWW6009,1,1
XTJP7305,1,1
NHES2637,1,1
HFRE2011,1,1
PMKR9288,1,1
QMOZ6515,1,1
LGKD4418,1,1
ZXKC8416,1,1
FVBX1719,1,1
JJRR9848,1,1
KSQG3538,1,1
BIQW3761,1,1
QSHN9767,1,1
SMEX9232,1,1
LMGK4892,1,1
SPAR1387,1,1
BASB7271,1,1
RDEU8137,1,1
TWQI3527,1,1
VZNG9176,1,1
EYAM1749,1,1
JJEC6343,1,1
PCXP4462,1,1
RQBF3453,1,1
GHLT2348,1,1
UIWS8154,1,1
RTPG1486,1,1
WOCP7389,1,1
DDEO4389,1,1
PJRB2556,1,1
CTRN8312,1,1
XGKK6934,1,1
CYAW2863,1,1
TZQH2007,1,1
GNXQ3113,1,1
AMFR8080,1,1
EXZF9045,1,1
VGXZ1046,1,1
NJGE5406,1,1
MDJQ3573,1,1
MAAB7960,1,1
QNBF2790,1,0
UOGM3798,1,1
ILJR7392,1,1
DDRI4175,0,0
NWQO3326,1,1
HRHU4165,1,1
XCIY4778,1,1
PLGZ2859,1,1
WHPK3610,1,1
UXOM7687,1,1
MFKM6899,0,0
CLXZ3370,1,1
YLLO9901,1,1
YCOY2858,1,1
JIBY7285,1,1
AUQT9217,1,1
JOYQ2049,1,1
CDMM2260,1,1
RVEW9642,1,1
TIFN4683,1,1
OSFG3087,1,1
BJBT5514,1,1
EWYF8410,1,1
EEZV8535,1,1
FAXD1312,1,1
KAKG9024,1,1
XTCD5132,1,1
XFWJ6844,1,1
WHEG8172,1,1
EXQX4242,1,1
RBIR1513,1,1
YSSB2926,1,1
GDEN9146,1,1
TFZN7816,1,1
TXJU2086,1,1
YNYB4898,1,1
JJEI2551,1,1
EKPN7958,1,1
KVBZ5351,1,1
FWOF1034,0,1
NCHE3895,1,1
MXOE8759,1,1
WWNM3662,1,1
YUDM9755,1,1
XHJY8176,1,1
VXPN9749,0,1
MJHT4842,1,1
HJJS4947,1,1
IIKS6790,1,1
GPZU7898,1,1
IVAK8079,1,1
TUHH2569,1,1
TUWE2618,1,1
DOOO8724,1,1
PPEA9092,1,1
GFNT5408,1,1
OVOL7596,1,1
PYHE3015,1,1
YNUE8090,1,1
FSRB3475,1,1
ISYH1481,1,1
JNXE6395,1,1
WWTO6275,1,1
WSCS9473,1,1
GPAP6473,1,1
TFOF1631,1,1
WYFN3608,1,1
DKTP8810,1,1
MTOJ8834,1,1
GFFO2987,1,1
MOEM1363,1,1
SALI5220,1,1
GIGK5691,1,1
MUCU8851,1,1
VUKF8061,1,1
EWZA6319,1,1
PNKI6814,1,1
YUEU8442,1,1
ESOE3600,1,1
OJRN1202,1,1
MXFI3356,1,1
LSZB2847,1,1
BNEB5056,1,1
DFFQ6297,1,1
TGGW7800,1,1
QCAB2495,1,1
GVVO7191,1,1
LENY7350,1,1
PMJI1155,0,1
ZSHA9518,1,1
SEUA5615,1,1
XBJO9481,1,1
MXXK6452,1,1
EDOB5543,1,1
DGOQ4123,1,0
YRVQ5591,1,1
ZKJK5849,1,1
WPAB1437,1,1
OREV1928,1,1
PXTZ8913,1,1
IXUW2851,1,1
ZRXY9156,1,1
WNFP6594,1,1
GCBC4412,1,1
AAMF7229,1,1
ZFJR8046,1,1
TJWB9882,1,1
UBXW7157,1,1
MTRG5313,1,1
NOTC6976,1,1
AOAH1387,1,1
YYBU3729,1,1
LBUQ8468,1,1
AOIN8942,1,1
FEAY4933,1,1
JYGT2718,1,1
BAVL3356,1,1
VSMS9823,0,1
CNJA1294,1,1
PXGC5052,1,1
MBTY1301,1,1
CVWG4538,1,1
PAWN7468,1,1
QCCB5014,1,1
MYVL7699,1,1
XAMZ1271,1,1
ADYY2249,1,1
TPJJ4843,1,1
NBGF7900,1,1
PLEC5207,1,1
HSCC1629,1,1
UHPV1254,1,1
BDVW1016,1,1
HEOX7726,1,1
XWLN1517,1,1
FKFC8948,1,1
MRIA2558,1,1
QVAH4696,1,1
LTJI8784,1,1
FAWX1866,1,1
SOGA5046,1,1
RRTL7506,1,1
MXXF3312,1,1
TEUJ1864,1,1
PUBW8854,1,1
TEDJ4949,1,1
QXUA2606,1,1
NBXE9846,1,1
PWGA1955,1,1
BDIM3216,1,1
IKZW4746,1,1
JYRG5531,1,1
MZBJ9312,1,1
JTPF1895,1,1
BNPW8006,1,1
YUAV4224,1,1
HLZD4770,1,1
AAYX3505,1,1
OFHV2803,1,1
BRRB4599,1,1
ZGTP8935,1,1
WJCT4722,1,1
NGQV1855,1,1
ERBN8549,1,1
XBXE6256,1,1
YPWF4998,1,1
LPID2671,1,1
FCCL4601,1,1
VQAK6575,1,1
KMDT2508,1,1
RSWI1754,1,1
YXAH7602,1,1
UQOB3163,1,1
UBQN1932,1,1
SWGR9106,1,1
QXBA9909,1,1
PXAB9721,1,1
CLSX5729,1,1
RQTY7575,1,1
QVJT5192,1,1
VJRH3587,1,1
YWRU4406,1,1
JPDH6122,1,1
LFTR8576,1,1
GDWK5805,1,1
OQHW5591,1,1
ZKQD5450,1,1
GHVB6929,1,1
ARNF3587,1,1
WPBJ1584,1,1
BIID5950,1,1
ZIKB9391,1,1
BNNE1310,1,1
XNXL3438,1,1
SBKF4159,1,1
HXBR1367,1,1
TURN5821,1,1
EEZN9233,1,1
MUXK1913,1,1
OQAW2847,1,1
KGFA5671,1,1
PHGL5206,1,1
ASYM5872,1,1
KOVU7536,1,1
COHG8126,1,1
IOZV1369,1,1
PIIY3715,1,1
IVOB7734,1,1
KBRL2986,1,1
ZZID7610,1,1
XQBY6739,1,1
RHIG8491,1,1
KZSM3526,1,1
CIUV1559,1,1
OOGO1960,1,1
OPPL6198,1,1
ZGEN4168,1,1
FTAI8101,1,1
FFGH1714,1,1
IHHC8716,1,1
WYSH5713,1,1
LNQX1786,1,1
GECE3167,1,1
FKVC8917,1,1
EFWA4061,1,0
YCIV6168,1,1
HDXI7756,1,1
JKOD1751,0,1
PCET9896,1,1
HEUR1938,1,1
ZJDZ4332,1,1
IZRW2950,1,1
IBVN3893,1,1
ZXOH5899,1,1
BFFQ1770,0,1
VQYB7840,1,1
STZO2951,1,1
TZGE4744,1,1
TDVQ3066,1,1
MYWZ8831,1,1
RAMD2622,1,1
XEML3932,1,1
FJLO3477,1,1
NMDG7178,1,1
CWQV8816,1,1
KYIC5116,1,1
NYIY3048,1,1
NFDQ6487,1,1
DKAS4206,1,1
TQCU4545,1,1
IHXP3103,1,1
KOWM7045,0,1
LFSE7596,1,1
KWVU1694,1,1
MFTI9735,1,1
SCED8588,1,1
YTNA3953,1,1
AWKK7836,1,1
EFMI7321,1,1
OQNI2559,1,1
DYIP8214,1,1
CGSW1159,1,1
NWLL1264,1,1
EXVY5239,1,1
ZWRV9654,0,1
WKFN2516,1,1
ZJHH3365,1,1
PJLR8271,1,1
AJTS7626,1,1
TOHJ3638,1,1
GJYE3292,1,1
CRXK7237,1,1
VVLD1687,1,1
GODO2798,1,1
XZQL2467,1,1
TXXL1111,1,1
JNEY5489,1,1
VMXX9569,1,1
PACI3229,1,1
NSDF6433,1,1
TBZM1758,1,1
WJOS6938,1,1
RVKG6663,1,1
GVJA4781,1,1
GNXJ2018,1,1
ITKC7178,1,1
WXQI5190,1,1
QULH4878,0,0
DVZK7369,1,1
ELDW1554,1,1
BKKS1896,1,1
FZJU8313,1,1
LXUK2387,1,1
MBCO9320,1,1
HBGL9907,1,1
ZWPG3758,1,1
DNZF8064,1,1
OLGB5807,1,1
JUEM1406,1,1
DGJL4662,1,1
YZLN7547,1,1
WCUI2572,1,1
ENDU3189,1,1
HLYZ5221,1,1
AZGM7307,1,1
MAKV9181,1,1
BXXR6121,1,1
LQGJ6522,1,1
ESOA2147,1,1
XUXL2299,1,1
DAJJ3714,1,1
XYFT7157,1,1
KXYO7364,1,1
IYFY3221,1,1
QXZQ2422,1,1
BZAG1593,0,1
EMEB8330,1,1
VOEW6565,1,1
PTNH9964,1,1
JQUQ4945,1,1
VNBK1622,1,1
SWET1789,1,1
ONVT5469,1,1
IRTA4524,1,1
JGAT7308,1,1
LEZK1786,1,1
GSFZ5925,1,1
GPKE9847,1,1
ELLR2688,1,1
MUAX5166,1,1
OZIK9364,1,1
ZIEA3852,1,1
JCOY7775,1,1
BPEJ9152,1,1
FJLK1035,1,1
RGKM2190,0,0
HQEN2889,1,1
JKVG6432,1,1
RUCI7802,1,1
ZAJO3756,1,1
RLFQ6195,1,1
HYQS4413,1,1
UQML1055,1,1
OBUM9872,1,1
QBMC1449,1,1
WVDG3077,1,1
HKOS1081,1,1
PKJI6134,1,1
BAME4671,1,1
ULJC3830,1,1
SUZM7534,1,1
VYGA3022,1,1
XCDH5131,1,1
BHNM1242,1,0
RTBA1861,1,1
RQIB3642,1,1
NYKH3001,1,1
XODO6601,1,1
GTKK3628,1,1
VVDE9075,1,1
MKHG5055,1,1
KWQT9228,1,1
FLKO8380,1,1
OYSC2028,1,1
DGGI9934,1,1
WDPL6304,1,1
PVKX7765,1,1
ADCP5174,1,1
ZNMS4618,1,1
VUCH7131,1,1
PPJP8135,1,1
UONW1602,1,1
RIFN2723,1,1
WUIB5162,1,1
MBGJ5770,1,1
QTED6537,1,1
RDUE7357,1,1
EZPG3972,1,1
EYXU6473,1,1
YJRW7232,1,1
NCPJ2075,1,1
RBPF9391,1,1
EIDR2495,0,1
WEQL2333,1,1
YUUS4904,1,1
IQVY4816,1,1
PWZW8500,1,1
FDSG3196,1,1
NNSZ2838,1,1
IFRF1108,1,1
AQDY1939,1,1
SKZK5160,1,1
SSRY4167,1,1
YAZB6960,1,1
SCWP6235,1,1
OUBJ6059,1,1
RWRW7731,1,1
NEXY4426,1,1
TXMZ1025,1,1
JYJN7933,1,1
QOPC3241,1,1
MBBQ9247,1,1
QDLR9772,1,1
QIUP6695,1,1
IADR4919,1,1
SWPA4565,1,1
HAAV5704,1,1
POIL8344,1,1
RZDS5978,1,1
JWED1728,1,1
NNGD8442,1,1
JBWV3390,1,1
ADJE4702,1,1
KKKE2491,1,1
WMBA2493,1,1
XITX7561,1,1
TRFL2985,1,1
GKOU7759,1,1
AUSI6835,1,1
CYLP8604,1,1
BBBW2493,1,1
XVTH5069,1,1
LNHX7601,1,1
BNUH3857,1,1
UXOU4448,1,1
XVOY5514,1,1
PVPG7707,1,1
LEBF4998,1,1
EXVC9349,1,1
SRVF7870,1,1
KZXH8283,1,1
PDBP6723,1,1
PMAD4264,1,1
SQUX9566,1,1
HAMZ3683,1,1
CZBX5502,1,1
XVXS1685,1,1
RQXZ3527,1,1
MISJ6803,1,1
SHDN8442,1,1
PAAM1207,1,1
RKXA4348,1,1
IPFQ2098,1,1
EOSU9085,1,1
KLRA9004,1,1
PVTV2444,1,1
VULL1026,1,1
FQXQ4552,1,1
CDHE4150,1,1
EMLT2314,1,1
jul-36,1,1
KAUL8627,1,1
DKBH4127,0,1
AEIZ7099,1,1
XEGM2353,1,1
EJFJ6658,1,1
EXLS2783,1,1
QYUI5772,1,1
UGOD7523,1,1
MIXD4294,1,1
LCLP6131,1,1
MBAW3814,1,1
ZVXP9335,1,1
FKPS1859,1,1
JLTK7661,1,1
ABAW7369,1,1
KKEY4466,1,1
XEKE8915,1,1
ZHDU7854,1,1
ZNBI5281,1,1
KBDR8850,1,1
PNLM3588,1,1
INEV8164,1,1
CJGX7050,1,1
FPVR5902,1,1
YIFW8098,1,1
ZCMU8408,1,1
CAKG1992,1,1
LPUH6565,1,1
UNXQ4763,1,1
CSVN1816,1,1
BAAA8563,1,1
NAGQ8506,1,1
KUAY7653,1,1
JDRM9637,1,1
BQNU4727,1,1
APUF3239,0,1
BIBE1737,1,1
UVDW8240,1,1
LIUS1597,1,1
QGKN8398,1,1
SCXQ1008,1,1
FIDY8791,1,1
IRSO8027,1,1
DWAB7735,1,1
VVUN8940,1,1
PROD1143,1,1
JYLC9604,1,1
BUZT1016,1,1
GNIN6912,0,0
TGKO4671,1,1
GGBG3428,1,1
DGKH2466,1,1
DVQV9313,1,1
AESV1221,1,1
PXYM3401,1,1
PFVF3440,1,1
GICR6321,1,1
PKRN7149,1,1
XRJX2068,1,1
AVAZ5159,1,1
UUXH8925,1,1
BYTQ4733,1,1
TPGI7106,1,1
RGSI6446,1,1
GMIY7280,1,1
EUUJ9886,1,1
TGXN6013,1,1
TIVW7682,1,1
XXJO9004,1,1
KKBW4105,1,1
QZES8021,1,1
NXQB7666,1,1
GMZW6162,1,1
VGDE9328,1,1
TCDW9679,1,1
ATTL5127,1,1
FTEW5889,1,1
HCDL4002,1,1
ORAY8667,1,1
BSGY1457,1,1
UYDO2145,1,1
WXGQ1104,1,1
NZFK5732,1,1
QMRP3633,1,1
GOTL7298,1,1
ILYA4772,1,1
JPQD1532,1,1
OJTE4199,1,1
XMOS7619,1,1
HULY7498,1,1
FZIH8543,1,1
GGGZ9385,1,1
GPCT6263,1,1
LYWW3633,1,1
WDDU5912,1,1
XBGP5478,1,1
YEAG5064,1,1
TIQU9548,1,1
YEOW5187,1,1
HOCG6577,1,1
ESRA9613,1,1
JHOD6645,1,1
GQJS3419,1,1
ICLR2377,1,1
VBHM5533,1,1
VXWR1294,1,1
BCIW5863,1,1
PYJA2515,1,1
NUJU2274,1,1
ABMF2850,1,1
YDDT1769,1,1
SLSC6496,1,1
PGSK9183,1,1
WZVF6196,1,1
ZZJK9407,1,1
XVUT1363,1,1
ZGTC3514,1,1
XQTT9703,1,1
UDMF7321,1,1
TRHN6241,1,1
XKGD5592,1,1
YMGP9548,1,1
JCBX6095,1,1
ZULS7755,1,1
DWHD6052,1,1
YRXD2936,1,1
LNQA1262,1,1
ZBGT5687,1,1
BKEG3353,1,1
RMKJ8896,1,1
PHXQ6477,1,1
ALYA8600,1,1
AJTQ5315,1,1
IBIW1582,1,1
ECRG2111,1,1
UFMT2312,1,1
RJZB4780,1,1
ODCL1980,1,1
RICB8979,1,1
MVXK6167,1,1
HTJJ5524,1,1
PVOE4121,1,1
SOZG5406,1,1
OLDR3379,1,1
CUPY7892,1,1
RDNS1885,1,1
WUUR2943,0,0
AIUP1620,1,1
VXJX4099,1,1
SAVK2089,1,0
TPPU5982,1,1
EUDY2774,1,1
YCPP6700,1,1
UWDD4249,1,1
KILF2537,1,1
RRRV4709,1,1
DNLZ8671,1,1
LMTY9850,1,1
HDJI1719,1,1
EBSA2899,1,1
ECPG7028,1,1
COSO4858,1,1
ERBC5065,1,1
WAJU3973,1,1
WUZE2165,0,1
OTDG7855,1,1
CTKC9211,1,1
TXEU7173,1,1
QAPA2818,1,1
YTTV3689,1,1
WXTP5465,1,1
XRII4482,1,1
RRXF5969,1,1
SXXN8029,1,1
LIAS5250,1,1
IFHI8010,1,1
CZVJ7054,1,1
YFOV7918,1,1
ZJFZ1623,1,1
OOUF9394,1,1
ZPKI5995,1,1
KTDQ6844,1,1
TZAU4221,1,1
BYDE8448,1,1
LTGB5109,1,1
ZROR5670,1,1
TQVU4525,1,1
CMRM7255,1,1
SAZS1479,1,1
IFDX3519,1,1
JNUA8301,1,1
LUZC9819,1,1
AWZY3662,1,1
QXKC1601,1,1
WLUM5119,1,1
NOMP1728,1,1
TFAF1136,1,1
LCEC4770,1,1
YORA2158,1,1
VSIN6427,1,1
SXTY6555,1,1
VKBR7439,1,1
XCFL5224,0,1
WKBO7926,1,1
XHWK5520,1,1
ZLZW3861,1,1
QAEE5103,1,1
UKVR3633,1,1
GYGS2826,1,1
YSLL8099,1,1
WJQX8554,1,1
VPXK1634,1,1
XSFM5226,1,1
HOQM8613,1,1
GAFE1273,1,1
OSAJ1956,1,1
NSGR5630,1,0
GCUN2066,1,1
SMTX1847,1,1
MKAQ1765,1,1
QBID3725,1,1
OUTW9924,1,1
DUUU6865,1,1
LFGA4119,1,1
ILOK8687,1,1
MBDP1886,1,1
LPGZ1232,1,1
UGAN6622,1,1
KUYB5252,1,1
ITRP6784,1,1
FRZE6458,1,1
OCYP2107,1,1
TKCX7565,1,1
JYEU2349,1,1
WRAY6894,1,1
VIXJ7176,1,1
JNDR1698,1,1
EQGA6564,1,1
DTCM1907,1,1
BJUQ8682,1,1
DWAM3074,1,1
GYTD2026,1,1
QOKQ3645,1,1
KPSA8096,1,1
SJUL4591,1,1
MNEW9926,1,1
IQBW5431,1,1
MSZC6044,1,1
HCYE1544,0,1
OMAY2402,1,1
DOIN3544,1,1
XPJE6050,1,1
WEPI8362,1,1
FHJD5442,1,1
NDNW7528,0,1
ZGFQ9333,1,1
VJJG1176,1,1
PRDH4145,1,1
UKEF8599,1,1
XMEB5877,1,1
KQJX1101,1,1
WCFJ2193,1,1
GRRT4471,1,1
XBEQ5578,1,1
MGJK5752,1,1
RMTC8859,1,1
RNFK4078,1,1
ZJXN2715,1,1
KICJ6216,1,1
GEZG4822,1,1
ORKX9590,1,1
WWKU2538,1,1
DFZV1881,1,1
QIOH2316,1,1
SQFF4548,1,1
UJJK6718,1,1
AHJI8924,1,1
WSSL1198,1,1
JSQD8554,1,1
QVAY5142,1,1
TNMQ7359,1,1
SPJY5017,1,1
CEJE6268,1,1
NBHZ6626,1,1
HYHG5889,1,1
SEUI2109,1,1
GYHD2391,1,1
LNCZ9173,1,1
GPTQ6579,1,1
VWLQ2443,1,1
CFWZ5716,1,1
IXEO2485,1,1
LIVL8532,1,1
XKMM2537,1,1
LEQD4570,1,1
WIAQ1225,1,1
HSFL3622,1,1
JECO3301,1,1
LZJN8216,1,1
EVMP8636,1,1
FEEZ7552,1,1
AOFX6021,0,1
TFEN7952,1,1
NMKF9524,1,1
SYHB3150,1,1
PYCG6574,1,1
MVND2190,1,1
QHUF7102,1,1
UAYH5417,1,1
MSUV6387,1,1
CBHS7854,1,1
IKVV3831,1,1
FYMX1349,1,1
EFTI5304,1,1
YJWY4700,1,1
BYYA2614,1,1
PEXC6422,1,1
KSAF9470,1,1
SGLH8697,1,1
VSCF6291,1,1
POCK3434,1,1
ISYG2849,1,1
AVLI5102,1,1
UOZT9905,1,1
MYGE7475,1,1
XUWO5959,1,1
OQJS8137,1,1
EDSY4827,1,1
EJAY2054,1,1
MDNO1786,1,1
TGPV8835,1,1
FUFP9050,1,1
NTJE4833,1,1
ODBH2056,1,1
ZMJJ9828,1,1
TYQT4795,1,1
CEXP9535,1,1
HUIK5489,1,1
VNXB1372,1,1
JLZZ1760,1,1
JDKR1379,1,1
AINP1769,1,1
AYHT7436,1,1
MGAK3831,1,1
VVWG3372,1,1
MDKJ9648,1,1
AEQH6916,1,1
WQFM5003,1,1
YBIJ5002,1,1
PXLT6244,1,1
AQJR9771,1,1
ZOCC2648,1,1
SRCS8622,1,1
FGPO7866,1,1
WPEU6495,1,1
MVGZ2319,1,1
NAXZ3189,1,1
KMKV6443,1,1
NQVJ1485,1,1
ZFVZ1966,1,1
BHYU6410,1,1
MYEB5041,1,1
PLBX1881,1,0
ADVU5450,1,1
VASX9798,1,1
NVIH3289,1,1
OIZP8047,1,1
ZFQJ6860,1,1
NYFW6651,1,1
LARD6987,1,1
MSKW4784,1,1
HDAC6572,0,0
XNIG5897,1,1
MQYK2384,1,1
XEWT2625,1,1
GGNS7980,1,1
KYMM1640,1,1
QAFV3716,1,1
RRNM3196,0,0
EMBI1140,1,1
KWTG6190,1,1
AELW4810,1,1
MMGE4014,1,1
IVUL9725,1,1
PGTO1752,1,1
ACVO9421,1,1
YCJA6203,1,1
NKDA9207,1,1
YPTK4030,1,1
UJWP6500,1,1
XCTS1989,1,1
TDSQ7699,1,1
XKRB9330,1,1
VXNH8218,1,1
CYWZ6404,1,1
PQVC6065,1,1
OQKE8686,1,1
LFOC1461,1,1
TKEP4084,1,1
OVXM8505,1,1
BYYO8478,1,1
DAHV5573,1,1
GVAV6599,1,1
WXNA2933,1,1
WEUL5518,0,1
BUFP5557,1,1
HWTD1571,1,1
SFYF5792,1,1
HHCB9816,1,1
LSXM1407,1,1
MRDB1968,1,1
OWJZ2541,1,1
OIKL6783,1,1
HPGS5778,1,1
MUIY5539,1,1
EKHB9255,1,1
KFSJ2800,1,1
CMOD9997,1,1
CCOG6500,1,1
RALY7608,1,1
DJIB4579,0,1
KMEL3975,1,1
FLMA7634,1,1
GALU6954,1,1
MVQZ9568,1,1
LBEN3197,1,1
RQRJ2626,1,1
UOIQ2247,1,1
RNED5681,1,1
NVBN3643,1,1
NKSW1140,1,1
BKPI1183,1,1
GADP3371,1,1
SFYW2096,1,1
HWGA7903,1,1
HKWS5038,1,1
UFLT2775,1,1
RWHG4745,1,1
KFZS8232,1,1
MRHI8928,1,1
HHKW9995,1,1
PTJE5894,1,1
BFUB1736,1,1
QFHR6033,1,1
JKEC6856,1,1
LVHG6676,1,1
MWRD1487,1,1
IZPX5969,1,1
SWWI7603,1,1
WYLS9071,1,1
WNYK1151,1,1
HRUP6146,1,1
ONZD4563,1,1
VKDU4086,1,1
BNKT6541,1,1
ZLXK9824,0,1
IIOX1473,1,1
IKPF6006,1,1
OXNU1757,1,1
TGYO4596,1,1
AFSW6741,1,1
FLRQ6221,1,1
ZDJY7516,1,1
EFVJ5873,1,1
KWMW8776,1,1
FVAO6944,1,1
VODI4981,1,1
LOLI5188,1,1
RPEJ2684,1,1
QEQE2618,1,1
XVOR9119,1,1
TRHB1391,1,1
LLIZ3185,1,1
YVIE2824,1,1
SKCE3630,1,1
TZBA6268,1,1
NRDJ7276,1,1
YZII8814,1,1
ZGQX5409,1,1
VVMO5660,1,1
XULB7580,1,1
EHFT4326,1,1
NSOI5373,1,1
HFHS2255,1,1
DFKI1390,1,1
GXWV6704,1,1
LGBF6963,1,1
GIVK9528,1,1
GDGJ6248,1,1
XDPE2481,1,1
MFUV2889,0,1
AKKM4033,1,1
XEHU3693,1,1
DZKN6826,1,1
JUBQ3554,1,1
MVKC5306,1,1
YTWH6374,0,1
AABQ3027,1,1
BDGC9729,1,1
EPGH1025,1,1
XWXJ4572,1,1
YKSK9902,1,1
SPOM2962,1,1
NNND4320,1,1
WIID6698,1,1
DJUE5272,1,1
FNPK6861,1,1
AISY7147,1,1
DVLJ7549,1,1
QSCE7575,1,1
NYZJ4190,1,1
CGNW5183,1,1
WISP5529,1,1
XCRV6194,1,1
JGXQ1483,1,1
VQXT7139,1,1
XROI4129,1,1
OCBB9793,1,1
JBNR1903,1,1
LIKX6399,1,1
HYKK6732,1,1
CBJN4159,1,1
VRBL9699,1,0
DQST2669,1,1
USDH4260,1,1
GHZJ7239,1,1
SBNX3749,1,1
ATBJ7598,1,1
FAXB1079,1,1
AGPZ9552,1,1
CAEC2800,1,1
HAAF8441,0,1
PIHV9786,1,1
VNAE7326,1,1
ALMY1718,1,1
ESYB8094,1,1
JMZF1744,1,1
YHDF6340,1,1
UZVO8009,1,1
KMWQ5786,1,1
TCRA7936,1,1
YAQW4640,1,1
VHPH7164,1,1
QTTF5820,1,1
DVME6760,1,1
ODYL3063,1,1
ELQK8906,1,1
RTGG7453,1,1
OUTD6866,0,1
IAIZ6766,1,1
IMQQ4933,1,1
AIKP7101,1,1
MNRZ4141,1,1
VFRK8715,1,1
MPAA8696,1,1
BWZN6715,1,1
VFEQ2914,1,1
WCDQ7146,1,1
KZGW2692,1,1
PYMT6791,1,1
LDYF3732,1,1
KRSF7302,1,1
BKDT5884,1,1
DCRV2459,1,1
LIJT1476,1,1
OMDF7815,1,1
YDJE7367,1,1
UKXO6503,1,1
VNOE7093,1,1
MIUC9807,1,1
WCFR2203,1,1
JGTF5577,1,1
NVIO9747,1,1
GLAJ4942,1,1
KEAI1712,1,1
PBHA8952,1,1
GBGU2770,1,1
LKXN3752,1,1
SNBC1303,1,1
DIVM5816,1,1
XLNO7973,1,1
SVKL4702,1,1
SJBF3588,0,1
YGRC4539,1,1
CHVH8163,1,1
BUCB3713,1,1
OGNS1462,1,1
LXGX8321,1,1
KPLK9122,1,1
KLQF9547,1,1
JWJG5266,1,1
RBWE4052,1,1
IEIM7167,1,1
IPYS7503,1,1
SOQK5901,1,1
THPX7058,0,0
ZWRR6053,1,1
PRSC2878,1,1
GIUW3401,1,1
SDNL8979,1,1
BWQB9781,1,1
BLWP3543,1,1
LAQA4151,1,1
ZVGA5863,1,1
JWWU5420,1,1
UTHZ8380,1,1
BUJM6261,1,1
JNWS3110,1,1
VQWA8425,1,1
DKIL2246,1,1
WFUJ7530,1,1
LFBT5768,1,1
RXPJ6112,1,1
TUUC3845,1,1
DBNT9751,1,1
YQPZ5415,1,1
KIMK2054,1,1
GDOS3545,1,1
QDPU7736,1,1
JHFQ5302,1,1
AWEO5143,1,1
VGPD4789,1,1
EIKR6252,1,1
ACVO6046,1,1
UDPO7769,1,1
YNAD9242,1,1
MFHH8427,1,1
EPYP9902,1,1
QJBU5179,1,1
GDMG1295,1,1
RFYW5734,1,1
DBDM5460,1,1
ZPQX7807,1,1
SEHF2874,1,1
SUUX8171,1,1
GSMM5039,1,1
NTGV6308,1,1
TXHL4296,1,1
EVZR6891,0,1
LGZU3156,1,1
KVYN9030,1,1
MXAW7232,1,1
MOHX3196,1,1
LPYR3106,1,1
EKUW7636,1,1
LXJN2405,1,1
SQKX4915,1,1
HTGV9836,1,1
JIOQ1310,1,1
URAZ2474,1,1
PHXS8023,1,1
MYRK7213,1,1
FSNE4771,1,1
EWGR7556,1,1
MVAD9096,1,1
BONX2331,1,1
ARKA6817,1,1
LIDR5554,1,1
WWTH8115,1,1
YHLG6821,1,1
QTVH6737,1,1
ZMSA5779,1,1
NVRD3818,1,1
HALW3360,1,1
IUIO6959,1,1
QEHU6111,1,1
MDZB8712,1,1
CKBK2466,1,1
BXOR1721,1,1
RDMU1870,1,1
GLBK5191,1,1
HZSP1795,1,1
EGRZ7035,1,1
YJUS6828,1,1
KQMW6493,1,1
ZQSU6962,1,1
LFFZ9900,1,1
OTZP3601,0,0
HNAZ7847,1,1
HFWQ6419,1,1
QDWO6625,1,1
GWSC4802,1,1
RPXW9052,1,1
HNFI1072,0,1
MBNW3206,1,1
DOKS7621,1,1
GRHG2824,1,1
VFBQ5719,1,1
IKOV1822,1,1
YPRI7113,1,1
DYEA7397,1,1
TAEV8443,1,1
BLZN3915,1,1
YDKE8422,1,1
EHFJ4240,1,1
KEWI2300,1,1
ORSS9335,1,1
AQHL4551,1,1
ZLKN1304,1,1
KLYG7426,1,1
JZHX6331,1,1
DYOX4391,0,1
FBSH4271,1,1
YFBG3957,1,1
FSXF2652,1,1
PNWS5042,0,0
HFST6248,1,1
ZHRV1928,1,1
NEQA1897,1,1
ENAQ1927,1,1
VFSL6714,1,1
SKXB2220,1,1
JIAQ4392,1,1
LUMD6216,1,1
MWOF9829,1,1
OWUL4144,1,1
YSPV4862,1,1
USON8302,1,1
BDMQ1497,1,1
DKBD2442,1,1
PCDG1150,1,1
NNGN5209,1,1
ZPNU1905,1,1
WPEW2017,1,1
PVNN3858,1,1
ECUU7636,1,1
YNAL4365,1,1
VSPM2891,1,1
GMRB6307,1,1
KTXO8943,1,1
CLWV4548,1,1
JMMV3197,1,1
PVEM8923,1,1
TXUR8968,0,1
ZUXU2495,1,1
JWNF5495,1,1
IIWN3461,0,0
CSDG3402,1,1
RHST5371,1,1
CRMR5489,1,1
GREN3767,1,1
WKDC3476,1,1
MKVE6764,1,1
AMJA3079,1,1
PJEK7423,1,1
AXSK4877,1,1
PMHP9793,1,1
AEMR9156,1,1
ELDH4095,1,1
FUWN9434,1,1
MUMU4830,1,1
IWQI5053,1,1
KNMQ7242,1,1
DBBL2962,1,1
UUTX8887,1,1
XUAR8323,1,1
STBT9205,1,1
WNLT4274,1,1
UQVV5930,1,1
UNOS8022,1,1
CZGK8959,1,1
CQYJ6584,1,1
INNM6074,1,1
CQJY1504,1,1
NGSD9686,1,1
DHOF1221,1,1
HRFJ7977,1,1
HMLO4005,1,1
SBHA3278,1,1
VNJT9958,1,1
EPSO9226,1,1
TFCX2682,1,1
TGCX3009,1,1
AMJV5755,1,1
LZNY2495,1,1
PKUO1112,1,1
ZGAA7666,1,1
GCKW9420,1,1
QQEQ3458,1,1
MDNV2221,1,1
YLAW9108,1,1
DDZN3281,1,1
NMJU7321,1,1
INSV4185,1,1
DVVJ9481,1,1
AVOL2318,1,1
AXUR1964,1,1
FVLE9209,1,1
MYRE2955,0,0
LUPV1763,1,1
BGBH3822,1,1
QLJN9095,1,1
AIRI4058,1,1
OLQG4592,1,1
JYSL5858,1,1
EAOY6117,1,1
UBOB3263,1,1
BTKH1734,1,1
NEZA3392,1,1
FRDN9236,1,1
RBDG2542,1,1
TWVB1971,1,1
RXDU6870,1,1
KGQI1904,1,1
HKQA1284,1,1
YBTG7698,1,1
LWTO1501,1,1
PUBL7145,1,1
GKCY8712,1,1
IRIR6975,1,1
YIZY6924,1,1
TNAX1371,1,1
JCSK9286,1,1
MBIG2254,1,1
PUSB1369,1,1
GZKQ2741,1,1
QRXJ4593,1,1
ZPXM4960,1,1
QWXT5210,1,1
TZXL9327,1,1
FBTH5993,1,1
SECL3701,1,1
VELB4377,1,1
LAMC1734,1,1
OVIS5903,1,1
VGZP1110,1,1
VGFH6436,1,1
FAUA5058,1,1
GWFA9607,1,1
CISH4830,1,1
UWVF5655,1,1
VQZN8704,1,1
SQRR7484,1,1
RGWE5937,1,1
PYNR4189,1,1
RXUY8454,1,1
TKNO2020,1,1
URVI7772,1,1
DHLS1416,1,1
ALVP8669,1,1
MVFQ7207,1,1
YMWE6813,0,1
DLCT9567,1,1
UCCA6151,0,1
UGHT9417,1,1
UVHT9671,1,1
YONV3652,1,1
GVYT5164,1,1
CWOB3741,1,1
JPPX1536,1,1
XSZC2063,1,1
HAZK6397,1,1
AMVQ7677,1,1
JKWO3811,1,1
ACZZ7048,1,1
PTOE4049,1,1
DLHT6831,1,1
SZYL4998,1,1
POIX5626,0,1
BQDC9325,1,1
OUDH5673,1,1
SREL8107,1,1
RWCQ6030,1,1
BMLH6335,1,1
WTEY5137,1,1
YPOU6107,1,1
ZUYV5820,1,1
ECWO7857,1,1
WDSP6842,1,1
VPDR1005,1,1
YARC4624,1,1
THPR8604,1,1
UCFT2232,1,1
AXTY2489,1,1
BQNP2702,1,1
HIDN1229,1,1
ZSGN6530,1,1
FRLY9801,1,1
EZSA6304,1,1
CSWF5798,1,1
MUUM7730,1,1
MOQV6764,1,1
QEZJ9851,1,1
WQWW4500,1,1
XPSX9790,1,1
JYZE3945,1,1
RTHP5882,1,1
DOIB6632,1,1
PEGI2156,1,1
DEHO1881,1,1
XDMY6407,1,1
XSKI4872,1,1
BYMD5555,1,1
AYPQ6889,1,1
PWBK2153,1,1
SQJC2525,1,1
VOTA3844,0,1
IMDD9609,1,1
TBJV2424,1,1
SFYV6282,1,1
WWTG7295,1,1
ODTW4197,1,1
YNKQ9517,1,1
AUAH6264,1,1
GNCZ9057,1,1
FVRE4532,1,1
NBTJ4004,1,1
MORA7634,1,1
LHKO8996,1,1
GRGR6655,1,1
MCCP2507,1,1
ZDEO9816,1,1
IANT3579,1,1
RUGB9637,1,1
MYFC9815,1,1
RMIB8750,1,1
BYUT2505,1,1
LBKP9271,1,1
OSIK9134,1,1
APFW2249,1,1
VPWI3183,1,1
GEVV4397,1,1
LVNP4538,1,1
AJJK5967,1,1
GCED1087,1,1
QTDZ8479,1,1
XBEK4420,1,1
SRXT8106,1,1
FWRP1465,1,1
AZHH7494,1,1
XHAT6369,1,1
IJVI5904,1,1
HFAD4960,1,1
AJKD3699,1,1
EYZN9791,1,1
CJMC8612,1,1
ADVZ1973,1,1
ZJKT7804,1,1
MWOE4444,1,1
YQDU7798,1,1
IINB2378,1,1
NSDO3844,1,1
NIXT7719,1,1
ZVJY8293,1,1
PSSC6914,1,1
ADBJ8742,1,1
XJRM2178,1,1
KCSY7087,1,1
XYRH3427,1,1
MQLZ4416,1,1
JPPF6052,1,1
SJUM4078,1,1
UKVZ8984,1,1
RBVA4142,1,1
SYRZ4405,1,1
IXFM1503,1,1
QGBQ6375,1,1
GNFG5402,1,1
PNTT2970,1,1
IOEQ2162,1,1
ZANH9571,1,1
NTGP4229,1,1
UGQE5195,1,1
DGQI1465,1,1
CKDD7685,1,1
EWXN2516,1,1
FCKO1950,1,1
FOXJ4503,1,1
WNGZ7833,1,1
JMOD9296,1,1
CXBJ7292,1,1
VUGW2154,1,1
ATCM5415,1,1
RQOO5578,0,1
VZVL1578,1,1
SBHP2725,1,1
ODJX7811,1,1
DTMP2925,1,1
WKDE4012,1,1
LURQ2190,1,1
IGLW6184,1,1
YLAW8353,1,1
ANXY5317,1,1
ALTO7125,1,1
VDFN1724,1,1
TYMU5171,1,1
CMTL6055,1,1
KJCA4833,1,1
VWAD9509,1,1
CGHF5809,1,1
ZELQ3466,1,1
DKAZ2152,1,1
GYZB1495,1,1
DDWJ5915,1,1
YPGE3183,1,1
KXTF3893,1,1
JYCO9338,1,1
MHOL8579,1,1
NQUL7461,1,1
DIPM3126,1,1
NGCU7151,1,1
LRCB3227,1,1
YKXS5902,1,1
ZFFY4065,1,1
HVDU3890,1,1
FZRQ3369,1,1
JTOK2743,1,1
MQSZ8127,1,1
YHYO3441,1,1
IXYX7791,1,1
TBIC1820,1,1
KXTK9689,0,1
PBBG5940,1,1
ASQA5651,1,1
BWOG2067,1,1
KANJ1574,1,1
YXCB4393,1,1
SXIE9363,1,1
FBFI6407,1,1
WNTA5420,1,1
XDQK9154,1,1
PVMF3186,1,1
CKEY1816,0,1
PGDJ2465,1,1
WLTO5364,1,1
UFUN7442,1,1
CSGK7208,1,1
ZHID8069,1,1
LZYQ3320,1,1
INFT7761,1,1
RZUW6173,1,1
ZFRA4067,1,1
CXAZ3211,1,1
LYHQ5783,1,1
EHUN1650,1,1
DITV8235,1,1
UTBW5614,1,1
GXKP7599,1,1
LFKT3628,1,1
LVSQ8154,1,1
BODU7542,1,1
FOIA4956,1,1
XCCE7231,1,1
RPRL6942,1,1
ANLF2568,1,1
VOFQ5265,0,0
XXAZ4679,1,1
WKBD8448,1,1
QKZS4613,1,1
HMOL1103,1,1
GUUI1513,1,0
RROL8064,1,1
UJJF6022,1,1
KHXS3621,1,1
QZAK9149,1,1
YSCH9385,1,1
WUUN6172,1,1
KOZB3247,1,1
EIGM9462,1,1
GJXW1271,1,1
KIIJ7157,1,1
OCKD2278,1,1
KOEZ4325,1,1
WPOM5196,1,1
ZAGG1124,1,1
AGQD3181,1,1
GHRL2741,1,1
IGKK3713,1,1
ETGT7598,1,1
WZHI5217,1,1
EKDJ8317,1,1
CBUA5081,1,1
UPYB4652,1,1
OCBG7055,1,1
EDOJ9984,1,1
JGGM9299,1,1
PLTL2643,1,1
NVWL2243,1,1
XPLL3294,1,1
RSGQ2286,1,1
YFAY1415,1,1
FIWN2915,1,1
JEDW8642,1,1
HQIT9356,1,1
PUXZ7158,1,1
INTX2555,1,1
CPPM3703,1,1
OXMX8652,1,1
BIFY2581,1,1
ETLG8429,1,1
FEXC9562,1,1
OJSI4049,1,1
HLUK6883,1,1
UFZD1192,1,1
ITFL8706,1,1
OJBS6406,1,1
DWCA6663,1,1
MKFZ3558,1,1
LPSS9310,1,1
WEZU2420,1,0
BNAS8461,0,1
MPCN5782,1,1
IBBR7792,1,1
IWWN3043,1,1
VIOR6418,1,1
DBTP5003,1,1
ZYMI3370,1,1
VRQN4480,1,1
NUVW9031,1,1
JSFX3423,1,1
FJLZ9114,1,1
RSFO1826,1,1
YSTA6754,1,1
UVQG7240,1,1
KTXB2599,1,1
WQQJ5502,1,1
ADOZ5946,1,1
ROJJ2516,1,1
MCWV9264,1,1
YKGC8867,1,1
ZMHS4756,1,1
UDJL7680,1,1
WBSX5834,1,1
DZPE2330,1,1
SYYC8719,1,1
RSAB6436,1,1
NPSW3985,1,1
OZBO7720,1,1
OLRZ9975,1,1
KTKC8058,1,1
YYQF7006,1,1
KRVK6110,1,1
WUEH5474,1,1
JMJV6678,1,1
NJGH9699,1,1
TWGI5805,1,1
XBZW4291,1,1
QPUK7625,1,1
QKJQ2238,1,1
RVKF3686,1,1
RKWI6714,1,1
TVFY3256,1,1
BBLS9552,1,1
LUKB5321,1,1
EEJF4681,1,1
OUNQ5617,1,1
TBED1296,1,1
DCNR4808,1,1
SEMA8988,1,1
UKOQ5820,1,1
HRCF3588,1,1
DSGS1498,1,1
HLQM7901,1,1
SFYO7554,1,1
VZSF4193,1,1
ZMFF8343,1,1
CVJR3117,1,1
LCDP4375,1,1
DEON2519,1,1
IEQK7284,1,1
SSAZ7518,1,1
FDPX3686,1,1
YAMA1538,1,1
LTXI8278,1,1
TIYF2788,1,1
PORO2107,1,1
YBQU5956,1,1
TBCR3507,1,1
ZBMT2261,1,1
KSFI8315,1,1
VGMK4563,1,1
GLUP3965,1,1
RHGO6235,1,1
MJBN6526,1,1
TMBE8689,1,1
LMSV7729,1,1
KGLS1563,1,1
DPGR7667,1,1
JYWQ7595,1,1
YITI7360,1,1
CBNC5229,1,0
BNZD9147,1,1
KHZC6767,1,1
JQNC3791,1,1
FJNC9317,1,1
QHRN8060,1,1
LZVT1595,1,1
JBQP3447,1,1
SGPZ2111,1,1
UNCL8383,1,1
WABZ4621,1,1
AMDX8771,1,1
TRSD8506,1,1
ECPE1096,1,1
LPRM9627,1,1
UIQH8615,1,1
AGUE2016,1,1
UGGT8933,1,1
PPNP2868,1,1
XUBL9922,1,1
UBDW4331,1,1
IEBK4733,1,1
ENZM2297,1,1
AMEL1618,1,1
DDQM7177,1,1
CAIC4334,1,1
YOVZ6681,1,1
ICJL6181,1,1
WCJG5562,1,1
CMLH4521,0,1
XRAU5661,1,1
VWAZ8348,1,1
JJOE3404,1,1
GBXF9407,1,1
YVAT1671,1,1
KVAD9023,1,1
DMHZ4249,1,1
VZMR5685,1,1
WOWS5857,1,1
JJRT5836,1,1
GPJP3350,1,1
OROW8380,1,1
YGEH2146,1,1
FPID4901,1,1
XQKS3866,1,1
SKRM7689,1,1
TANA6789,1,1
SNVD3964,1,1
OQVP9484,1,1
ZAZW4705,1,1
YYNI8328,1,1
ZVHG1555,1,1
RNMS4463,1,1
LMTK8950,1,1
WIVE4445,1,1
IRVB3137,1,1
ALIZ9095,1,1
CKAE9080,1,1
NYRT4700,1,1
BMAV3379,1,1
SAKE2329,1,1
EJPR1421,1,1
BBRN1163,1,1
KLCH1519,1,1
VGMY8728,1,1
HJXL6207,1,1
FRSI4895,1,1
YVDX8488,1,1
DZOM1875,1,1
JZUQ5376,1,1
OSVS2730,1,1
DFAI6034,1,1
NNIP8607,1,1
EIJT1208,1,1
BPSA6632,1,1
JOWC6539,1,1
QJXY6978,1,1
QSLH3272,1,1
QFHV5256,1,1
YYZQ5550,1,1
RLEG1189,1,1
POGR7622,1,1
KRME2481,1,1
ASHC3265,1,1
EQGM2802,1,1
OBPO5141,1,1
UPOH2787,1,1
OJQQ2477,1,1
PYGF8539,1,1
WUZP6646,1,1
BDWW1185,1,1
AJIZ7019,1,1
OLTO5990,1,1
JUNI1504,1,1
NVAR6610,0,1
CPMN3305,1,1
PEUX2634,1,1
GSEB2250,1,1
EPJN1376,1,1
ENTU5852,1,1
WSLC2772,1,1
XXBB9255,1,1
OHTO8147,1,1
FTDB1865,1,1
AJKY3202,1,1
EGIY9629,1,1
DRSI7657,1,1
BHTO4513,1,1
IQIQ3835,1,1
IFAR7847,1,1
APUK9601,1,1
KUZK9256,1,1
EUSZ3620,1,1
YTLM6447,1,1
PRKK8879,1,1
DKLA3169,1,1
OVLN5400,1,1
GQXU6530,1,1
NGWP9908,1,1
XNPW6448,1,1
TYKA3181,1,1
MSUO7556,1,1
NJIF4083,1,1
MJRE3605,0,1
YUSJ7464,1,1
EJTQ5776,1,1
XCMD2974,1,1
GCQU8935,1,1
RYHL8492,1,1
YXSU1591,1,1
XTIU7928,1,1
VPMI9591,0,1
JTIF5489,1,1
LVLZ6761,1,1
NMIH7324,1,1
KSUH1358,1,1
PALZ7049,1,1
BENX5991,1,1
LILH4730,1,1
MTWD2420,1,1
UNPK3485,1,1
IFGL7894,1,1
CULQ8490,1,1
ZRNR8034,1,1
WPIP4444,1,1
BDOM4180,1,1
SJXB5059,1,1
NJZA1758,1,1
TYVJ9720,0,0
SFJE7747,1,1
BREP1530,1,1
RCHR6422,1,1
CBPE6692,1,1
JDPA9195,1,1
JELD2647,1,1
FDRK8481,1,1
NSPM5998,1,1
PWAA3998,1,1
TMFI2764,1,1
KXCJ4852,1,1
PCIM1012,0,1
MHYJ1012,1,1
MFSZ6402,1,1
VHGT4522,1,1
HBPS6189,1,1
JKGN3577,1,1
EPDX4844,1,1
CRLU1266,1,1
PNAR5594,1,1
QLWR8071,1,1
REMA4143,1,1
RVET6937,1,1
IISV2958,1,1
YCIK9360,1,1
EWGI8571,1,1
SCRL7439,1,1
LMIF1679,1,1
BOUJ7329,1,1
RXWO5114,1,1
FRZA5823,1,1
XZWA2376,1,1
AQXK5702,1,0
XNCW3480,1,1
LTQC9808,1,1
RMOO6879,1,1
TSUZ9575,1,1
NWAG8651,1,1
WKLL5688,1,1
DWXS8699,1,1
QEEO6552,1,1
TONO3178,1,1
RWCY4389,1,1
TJHN2973,1,1
QOTO9510,1,1
CTOD6552,1,0
QESS8647,1,1
MTJA4120,1,1
GZZV3893,1,1
YMJK8006,1,1
QGLS4247,1,1
INPU9279,1,1
PEOX9417,1,1
IUXX1414,1,1
LDZQ8337,1,1
BVTC2155,1,1
YTSW3789,1,1
BXYC4412,1,1
JGPO1155,1,1
IQLY7161,1,1
CPTL6362,1,1
JHCX3241,1,1
IWZT1162,1,1
GECT9175,1,1
DQBA1215,1,1
QUCA7214,1,1
PWQE5459,1,1
UPJR1431,1,1
IBGE6040,1,1
AIZL1104,1,1
DBIA2534,1,1
ASJW1053,1,1
ZIWZ2909,1,1
UEAQ1725,1,1
BGQB4970,1,1
CWFI1125,1,1
XOQU7717,1,1
ILSB8268,1,1
MDBI7926,1,1
ISXQ8468,1,1
BZBP8285,1,1
RFAA1384,1,1
MZKY1246,1,1
NWKT5326,1,1
LYIE8914,1,1
XZCY7062,1,1
PPVP7933,1,1
AXUA2375,1,1
YXQQ4995,1,1
LBLL9082,1,1
HFCU9583,1,1
SVUF3908,1,1
QCPC8891,1,1
QRDJ1116,1,1
WISU6918,1,1
JRTI8027,1,1
FBOW2876,1,1
MLGP9049,1,1
LRDI4199,1,1
OZKK9397,1,1
NWMB3081,1,1
JROQ2047,1,1
PJXQ9816,1,1
SGWF4529,1,1
ZQRR4090,1,1
TTBJ6752,1,1
WTWR6741,1,1
XGVX9930,1,1
MLAG4678,1,1
OPYV2028,1,1
AVXS7995,1,1
UWWD7757,1,1
LOFT7117,1,1
MWXB1861,1,1
WWTR6943,1,1
RXIO6964,1,1
LSRV1548,1,1
NIOT4306,1,1
JATP1367,1,1
QGYT2043,1,1
HASY5197,1,1
FGZG2458,1,1
MISV5915,1,1
XPFU6188,1,1
CHDA7515,1,1
WFIW1091,1,1
PACD1330,1,1
TUJQ7518,1,1
XGNW1240,1,1
KAOA6111,1,1
DQRM7451,1,1
NBZU3012,1,1
HNYV4861,1,1
BDJJ1746,1,1
XYER9707,1,1
ACNS1186,1,1
WWET9125,1,1
HMXX3264,1,1
XVRV1069,1,1
YADG1294,1,1
XZCP3859,1,1
WQOV3231,1,1
WSAG3135,1,1
UUOZ3957,1,1
PJER8195,1,1
HQOJ2203,1,1
KVJC5748,1,1
BXLQ3760,1,1
QDQU7267,1,1
XJOO4565,1,1
MUKZ8535,1,1
RLHL7460,1,1
XLZR5386,0,1
HKGX5651,1,1
PIBJ6612,1,1
RQBR4972,1,1
FVAL7201,1,1
QLLR2711,1,1
IEHH8880,1,1
IPUW4221,1,1
HVUA5406,1,1
NEPC7034,1,1
ACKX7827,1,1
FLUO2458,1,1
UFAW8611,1,1
HTEX8356,1,1
ZCFL5419,1,1
TEHF2564,1,1
WXEF9811,1,1
MNJX7102,1,1
ZJOW1732,1,1
IMBJ2501,1,1
CTLM3328,1,0
KUZR8211,1,1
UGUS9473,1,1
TCPS4190,1,1
XVWX7154,1,1
GJIG2210,0,1
IGAE3525,1,1
RMQS5100,1,1
KDZW6271,1,1
CEBE8120,1,1
ICHN9177,1,1
UJLC9959,1,1
HTRQ8207,1,1
UGXG2976,1,1
KTGT9645,1,1
GRJZ7257,1,1
